-- Operation
INSERT INTO "ECLIPSE"."OPERATION" (COD_OPER_OPER,COD_TYP_OPER,LIB_OPER_OPER) values ('722',null,'remise effet');
INSERT INTO "ECLIPSE"."OPERATION" (COD_OPER_OPER,COD_TYP_OPER,LIB_OPER_OPER) values ('827',null,'rejet effet');
INSERT INTO "ECLIPSE"."OPERATION" (COD_OPER_OPER,COD_TYP_OPER,LIB_OPER_OPER) values ('826',null,'paiement effet');
INSERT INTO "ECLIPSE"."OPERATION" (COD_OPER_OPER,COD_TYP_OPER,LIB_OPER_OPER) values ('950',null,'edition papillon effet');
INSERT INTO "ECLIPSE"."OPERATION" (COD_OPER_OPER,COD_TYP_OPER,LIB_OPER_OPER) values ('961',null,'delivrance effet');

-- MotifRejet
INSERT INTO "ECLIPSE"."MOTIF_REJET" (CODE_REJ, MOTIF_REJ) VALUES ('1', 'opposition pour perte');
INSERT INTO "ECLIPSE"."MOTIF_REJET" (CODE_REJ, MOTIF_REJ) VALUES ('2', 'opposition pour vol');
INSERT INTO "ECLIPSE"."MOTIF_REJET" (CODE_REJ, MOTIF_REJ) VALUES ('3', 'opposition pour faillite ');
INSERT INTO "ECLIPSE"."MOTIF_REJET" (CODE_REJ, MOTIF_REJ) VALUES ('4', 'opposition pour autres motifs');
INSERT INTO "ECLIPSE"."MOTIF_REJET" (CODE_REJ, MOTIF_REJ) VALUES ('10', 'absence de provision');

-- GlobalRemise
INSERT INTO "ECLIPSE"."GLOBAL_REMISE" (NUM_REM, MONT_REM, DAT_CRE_REM, NBR_EFF_REM) VALUES ('1', '100', to_timestamp('11/01/16 11:45:16,242000000','DD/MM/RR HH24:MI:SSXFF'), 1);
INSERT INTO "ECLIPSE"."GLOBAL_REMISE" (NUM_REM, MONT_REM, DAT_CRE_REM, NBR_EFF_REM) VALUES ('2', '500', to_timestamp('11/01/16 11:45:16,242000000','DD/MM/RR HH24:MI:SSXFF'), 1);
INSERT INTO "ECLIPSE"."GLOBAL_REMISE" (NUM_REM, MONT_REM, DAT_CRE_REM, NBR_EFF_REM) VALUES ('3', '1000', to_timestamp('11/01/16 11:45:16,242000000','DD/MM/RR HH24:MI:SSXFF'), 1);
INSERT INTO "ECLIPSE"."GLOBAL_REMISE" (NUM_REM, MONT_REM, DAT_CRE_REM, NBR_EFF_REM) VALUES ('4', '10000', to_timestamp('11/01/16 11:45:16,242000000','DD/MM/RR HH24:MI:SSXFF'), 1);
INSERT INTO "ECLIPSE"."GLOBAL_REMISE" (NUM_REM, MONT_REM, DAT_CRE_REM, NBR_EFF_REM) VALUES ('5', '20000', to_timestamp('11/01/16 11:45:16,242000000','DD/MM/RR HH24:MI:SSXFF'), 20);

-- Structure
INSERT INTO "ECLIPSE"."STRUCTURE" (COD_STRC_STRC, LIB_STRC_STRC, COD_BCT_STRC, DAT_JOUR_STRC) VALUES ('120', 'SIEGE', '135', SYSDATE-1);
INSERT INTO "ECLIPSE"."STRUCTURE" (COD_STRC_STRC, LIB_STRC_STRC, COD_BCT_STRC, DAT_JOUR_STRC) VALUES ('136', 'CHIHIA', '151', SYSDATE-1);
INSERT INTO "ECLIPSE"."STRUCTURE" (COD_STRC_STRC, LIB_STRC_STRC, COD_BCT_STRC) VALUES ('145', 'ENNASR', '160');
INSERT INTO "ECLIPSE"."STRUCTURE" (COD_STRC_STRC, LIB_STRC_STRC, COD_BCT_STRC) VALUES ('117', 'BIZERTE', '128');

-- **Personnel
INSERT INTO "ECLIPSE"."PERSONNEL" (NUM_MATR_USER, COD_STRC_STRC, COD_STAT_USER, NUM_CIN_USER) VALUES ('2824', '120', '1', '11230540');
INSERT INTO "ECLIPSE"."PERSONNEL" (NUM_MATR_USER, COD_STRC_STRC, COD_STAT_USER, NUM_CIN_USER) VALUES ('2825', '145', '1', '11230541');
INSERT INTO "ECLIPSE"."PERSONNEL" (NUM_MATR_USER, COD_STRC_STRC, COD_STAT_USER, NUM_CIN_USER) VALUES ('2997', '136', '1', '11230542');


-- Type Piece
INSERT INTO "ECLIPSE"."TYPE_PIECE" (COD_TPCE_TPCE, LIB_TPCE_TPCE, LIB_SIGL_TPCE) VALUES ('30', 'carte d''identité', 'CIN');
INSERT INTO "ECLIPSE"."TYPE_PIECE" (COD_TPCE_TPCE, LIB_TPCE_TPCE, LIB_SIGL_TPCE) VALUES ('40', 'passeport', 'PPT');

-- Adresse
INSERT INTO "ECLIPSE"."ADRESSE" (NUM_SEQ_ADR, ADR_RUE_PERS, ADR_CIT_PERS, ADR_VIL_PERS, ADR_CP_PERS, COD_ADR_PAYS) VALUES ('1', 'Farhat Hached', 'Kantaoui', 'Sousse', '7100', 'Tunisie');
INSERT INTO "ECLIPSE"."ADRESSE" (NUM_SEQ_ADR, ADR_RUE_PERS, ADR_CIT_PERS, ADR_VIL_PERS, ADR_CP_PERS, COD_ADR_PAYS) VALUES ('2', 'Mohammed V', 'Tunis', 'Tunis', '3015', 'Tunisie');

-- **Personne
INSERT INTO "ECLIPSE"."PERSONNE" (NUM_SEQ_PERS, COD_TPCE_TPCE, NUM_PCE_PERS, LIB_TITR_PERS, NOM_RS_PERS, NOM_NOM_PERS, NOM_PRN_PERS, COD_SEX_PERS, DAT_NAIS_PERS, LIEU_NAIS_PERS, ADR_RES_ID, ADR_PROF) VALUES ('1', '30', '07104988', 'MME', 'Marriée', 'Charfeddine', 'Sonia', 'F', TO_TIMESTAMP('1980-03-15 11:14:09.414000000', 'YYYY-MM-DD HH24:MI:SS.FF'), 'Sousse', '1', '2');
INSERT INTO "ECLIPSE"."PERSONNE" (NUM_SEQ_PERS, COD_TPCE_TPCE, NUM_PCE_PERS, LIB_TITR_PERS, NOM_RS_PERS, NOM_NOM_PERS, NOM_PRN_PERS, COD_SEX_PERS, DAT_NAIS_PERS, LIEU_NAIS_PERS, ADR_RES_ID, ADR_PROF) VALUES ('2', '40', 'R317943', 'MR', 'Marrié', 'Riahi', 'Tarek', 'M', TO_TIMESTAMP('1972-08-20 20:30:09.414000000', 'YYYY-MM-DD HH24:MI:SS.FF'), 'Tunis', '1', '2');

-- Devise
INSERT INTO "ECLIPSE"."DEVISE" (COD_DEV_DEV, LIB_DEV_DEV, LIB_FRAC_DEV, LIB_SIGL_DEV, NBR_DEC_DEV, NBR_UNIT_DEV) VALUES ('10', 'Euro', 'Centimes', '€', '2', '100');
INSERT INTO "ECLIPSE"."DEVISE" (COD_DEV_DEV, LIB_DEV_DEV, LIB_FRAC_DEV, LIB_SIGL_DEV, NBR_DEC_DEV, NBR_UNIT_DEV) VALUES ('11', 'Dollar US', 'Mills', '$', '3', '1000');
INSERT INTO "ECLIPSE"."DEVISE" (COD_DEV_DEV, LIB_DEV_DEV, LIB_FRAC_DEV, LIB_SIGL_DEV, NBR_DEC_DEV, NBR_UNIT_DEV) VALUES ('788', 'Dinar TN', 'Millimes', 'DT', '3', '1000');

-- Produit
INSERT INTO "ECLIPSE"."PRODUIT" (COD_PRD_PRD, LIB_PRD_PRD) VALUES ('103', 'Personnel');
INSERT INTO "ECLIPSE"."PRODUIT" (COD_PRD_PRD, LIB_PRD_PRD) VALUES ('115', 'Client');
INSERT INTO "ECLIPSE"."PRODUIT" (COD_PRD_PRD, LIB_PRD_PRD) VALUES ('101', 'Client');

-- **ContratCpt
INSERT INTO "ECLIPSE"."CONTRAT_CPT" (NUM_CCPT_CCPT, COD_STRC_STRC, COD_PRD_PRD, NUM_SEQ_PERS, COD_DEV_DEV, DAT_OUV_CCPT, COD_ETAT_CCPT, MONT_SOLD_CCPT) VALUES ('884510', '145', '115', '1', '10', SYSDATE, 'A', '35000');
INSERT INTO "ECLIPSE"."CONTRAT_CPT" (NUM_CCPT_CCPT, COD_STRC_STRC, COD_PRD_PRD, NUM_SEQ_PERS, COD_DEV_DEV, DAT_OUV_CCPT, COD_ETAT_CCPT, MONT_SOLD_CCPT) VALUES ('573438', '120', '115', '2', '788', SYSDATE, 'A', '6000');
INSERT INTO "ECLIPSE"."CONTRAT_CPT" (NUM_CCPT_CCPT, COD_STRC_STRC, COD_PRD_PRD, NUM_SEQ_PERS, COD_DEV_DEV, DAT_OUV_CCPT, COD_ETAT_CCPT, MONT_SOLD_CCPT) VALUES ('426774', '120', '115', '1', '788', SYSDATE, 'A', '100000');
INSERT INTO "ECLIPSE"."CONTRAT_CPT" (NUM_CCPT_CCPT, COD_STRC_STRC, COD_PRD_PRD, NUM_SEQ_PERS, COD_DEV_DEV, DAT_OUV_CCPT, COD_ETAT_CCPT, MONT_SOLD_CCPT) VALUES ('459172', '120', '115', '2', '11', SYSDATE, 'A', '90000');
INSERT INTO "ECLIPSE"."CONTRAT_CPT" (NUM_CCPT_CCPT, COD_STRC_STRC, COD_PRD_PRD, NUM_SEQ_PERS, COD_DEV_DEV, DAT_OUV_CCPT, COD_ETAT_CCPT, MONT_SOLD_CCPT) VALUES ('598076', '120', '115', '1', '788', SYSDATE, 'A', '86000');
INSERT INTO "ECLIPSE"."CONTRAT_CPT" (NUM_CCPT_CCPT, COD_STRC_STRC, COD_PRD_PRD, NUM_SEQ_PERS, COD_DEV_DEV, DAT_OUV_CCPT, COD_ETAT_CCPT, MONT_SOLD_CCPT) VALUES ('416104', '120', '115', '2', '788', SYSDATE, 'A', '350500');
INSERT INTO "ECLIPSE"."CONTRAT_CPT" (NUM_CCPT_CCPT, COD_STRC_STRC, COD_PRD_PRD, NUM_SEQ_PERS, COD_DEV_DEV, DAT_OUV_CCPT, COD_ETAT_CCPT, MONT_SOLD_CCPT) VALUES ('435059', '120', '115', '1', '10', SYSDATE, 'A', '960050');
INSERT INTO "ECLIPSE"."CONTRAT_CPT" (NUM_CCPT_CCPT, COD_STRC_STRC, COD_PRD_PRD, NUM_SEQ_PERS, COD_DEV_DEV, DAT_OUV_CCPT, COD_ETAT_CCPT, MONT_SOLD_CCPT) VALUES ('387439', '117', '101', '2', '788', SYSDATE, 'A', '61050');
INSERT INTO "ECLIPSE"."CONTRAT_CPT" (NUM_CCPT_CCPT, COD_STRC_STRC, COD_PRD_PRD, NUM_SEQ_PERS, COD_DEV_DEV, DAT_OUV_CCPT, COD_ETAT_CCPT, MONT_SOLD_CCPT) VALUES ('456242', '117', '115', '1', '788', SYSDATE, 'A', '85000');
INSERT INTO "ECLIPSE"."CONTRAT_CPT" (NUM_CCPT_CCPT, COD_STRC_STRC, COD_PRD_PRD, NUM_SEQ_PERS, COD_DEV_DEV, DAT_OUV_CCPT, COD_ETAT_CCPT, MONT_SOLD_CCPT) VALUES ('585563', '120', '115', '2', '11', SYSDATE, 'A', '4200');
INSERT INTO "ECLIPSE"."CONTRAT_CPT" (NUM_CCPT_CCPT, COD_STRC_STRC, COD_PRD_PRD, NUM_SEQ_PERS, COD_DEV_DEV, DAT_OUV_CCPT, COD_ETAT_CCPT, MONT_SOLD_CCPT) VALUES ('884511', '145', '115', '1', '10', SYSDATE, 'A', '35000');
INSERT INTO "ECLIPSE"."CONTRAT_CPT" (NUM_CCPT_CCPT, COD_STRC_STRC, COD_PRD_PRD, NUM_SEQ_PERS, COD_DEV_DEV, DAT_OUV_CCPT, COD_ETAT_CCPT, MONT_SOLD_CCPT) VALUES ('573439', '120', '115', '2', '788', SYSDATE, 'A', '6000');
INSERT INTO "ECLIPSE"."CONTRAT_CPT" (NUM_CCPT_CCPT, COD_STRC_STRC, COD_PRD_PRD, NUM_SEQ_PERS, COD_DEV_DEV, DAT_OUV_CCPT, COD_ETAT_CCPT, MONT_SOLD_CCPT) VALUES ('426775', '120', '115', '1', '788', SYSDATE, 'A', '100000');
INSERT INTO "ECLIPSE"."CONTRAT_CPT" (NUM_CCPT_CCPT, COD_STRC_STRC, COD_PRD_PRD, NUM_SEQ_PERS, COD_DEV_DEV, DAT_OUV_CCPT, COD_ETAT_CCPT, MONT_SOLD_CCPT) VALUES ('459173', '120', '115', '2', '11', SYSDATE, 'A', '90000');
INSERT INTO "ECLIPSE"."CONTRAT_CPT" (NUM_CCPT_CCPT, COD_STRC_STRC, COD_PRD_PRD, NUM_SEQ_PERS, COD_DEV_DEV, DAT_OUV_CCPT, COD_ETAT_CCPT, MONT_SOLD_CCPT) VALUES ('598077', '120', '115', '1', '788', SYSDATE, 'A', '86000');
INSERT INTO "ECLIPSE"."CONTRAT_CPT" (NUM_CCPT_CCPT, COD_STRC_STRC, COD_PRD_PRD, NUM_SEQ_PERS, COD_DEV_DEV, DAT_OUV_CCPT, COD_ETAT_CCPT, MONT_SOLD_CCPT) VALUES ('416105', '120', '115', '2', '788', SYSDATE, 'A', '350500');
INSERT INTO "ECLIPSE"."CONTRAT_CPT" (NUM_CCPT_CCPT, COD_STRC_STRC, COD_PRD_PRD, NUM_SEQ_PERS, COD_DEV_DEV, DAT_OUV_CCPT, COD_ETAT_CCPT, MONT_SOLD_CCPT) VALUES ('435058', '120', '115', '1', '10', SYSDATE, 'A', '960050');
INSERT INTO "ECLIPSE"."CONTRAT_CPT" (NUM_CCPT_CCPT, COD_STRC_STRC, COD_PRD_PRD, NUM_SEQ_PERS, COD_DEV_DEV, DAT_OUV_CCPT, COD_ETAT_CCPT, MONT_SOLD_CCPT) VALUES ('387438', '117', '101', '2', '788', SYSDATE, 'A', '61050');
INSERT INTO "ECLIPSE"."CONTRAT_CPT" (NUM_CCPT_CCPT, COD_STRC_STRC, COD_PRD_PRD, NUM_SEQ_PERS, COD_DEV_DEV, DAT_OUV_CCPT, COD_ETAT_CCPT, MONT_SOLD_CCPT) VALUES ('456243', '117', '115', '1', '788', SYSDATE, 'A', '85000');
INSERT INTO "ECLIPSE"."CONTRAT_CPT" (NUM_CCPT_CCPT, COD_STRC_STRC, COD_PRD_PRD, NUM_SEQ_PERS, COD_DEV_DEV, DAT_OUV_CCPT, COD_ETAT_CCPT, MONT_SOLD_CCPT) VALUES ('585564', '120', '115', '2', '11', SYSDATE, 'A', '4200');
INSERT INTO "ECLIPSE"."CONTRAT_CPT" (NUM_CCPT_CCPT, COD_STRC_STRC, COD_PRD_PRD, NUM_SEQ_PERS, COD_DEV_DEV, DAT_OUV_CCPT, COD_ETAT_CCPT, MONT_SOLD_CCPT) VALUES ('884520', '145', '115', '1', '10', SYSDATE, 'A', '35000');
INSERT INTO "ECLIPSE"."CONTRAT_CPT" (NUM_CCPT_CCPT, COD_STRC_STRC, COD_PRD_PRD, NUM_SEQ_PERS, COD_DEV_DEV, DAT_OUV_CCPT, COD_ETAT_CCPT, MONT_SOLD_CCPT) VALUES ('573448', '120', '115', '2', '788', SYSDATE, 'A', '6000');
INSERT INTO "ECLIPSE"."CONTRAT_CPT" (NUM_CCPT_CCPT, COD_STRC_STRC, COD_PRD_PRD, NUM_SEQ_PERS, COD_DEV_DEV, DAT_OUV_CCPT, COD_ETAT_CCPT, MONT_SOLD_CCPT) VALUES ('426784', '120', '115', '1', '788', SYSDATE, 'A', '100000');
INSERT INTO "ECLIPSE"."CONTRAT_CPT" (NUM_CCPT_CCPT, COD_STRC_STRC, COD_PRD_PRD, NUM_SEQ_PERS, COD_DEV_DEV, DAT_OUV_CCPT, COD_ETAT_CCPT, MONT_SOLD_CCPT) VALUES ('459162', '120', '115', '2', '11', SYSDATE, 'A', '90000');
INSERT INTO "ECLIPSE"."CONTRAT_CPT" (NUM_CCPT_CCPT, COD_STRC_STRC, COD_PRD_PRD, NUM_SEQ_PERS, COD_DEV_DEV, DAT_OUV_CCPT, COD_ETAT_CCPT, MONT_SOLD_CCPT) VALUES ('598086', '120', '115', '1', '788', SYSDATE, 'A', '86000');
INSERT INTO "ECLIPSE"."CONTRAT_CPT" (NUM_CCPT_CCPT, COD_STRC_STRC, COD_PRD_PRD, NUM_SEQ_PERS, COD_DEV_DEV, DAT_OUV_CCPT, COD_ETAT_CCPT, MONT_SOLD_CCPT) VALUES ('416114', '120', '115', '2', '788', SYSDATE, 'A', '350500');
INSERT INTO "ECLIPSE"."CONTRAT_CPT" (NUM_CCPT_CCPT, COD_STRC_STRC, COD_PRD_PRD, NUM_SEQ_PERS, COD_DEV_DEV, DAT_OUV_CCPT, COD_ETAT_CCPT, MONT_SOLD_CCPT) VALUES ('435069', '120', '115', '1', '10', SYSDATE, 'A', '960050');
INSERT INTO "ECLIPSE"."CONTRAT_CPT" (NUM_CCPT_CCPT, COD_STRC_STRC, COD_PRD_PRD, NUM_SEQ_PERS, COD_DEV_DEV, DAT_OUV_CCPT, COD_ETAT_CCPT, MONT_SOLD_CCPT) VALUES ('387449', '117', '101', '2', '788', SYSDATE, 'A', '61050');
INSERT INTO "ECLIPSE"."CONTRAT_CPT" (NUM_CCPT_CCPT, COD_STRC_STRC, COD_PRD_PRD, NUM_SEQ_PERS, COD_DEV_DEV, DAT_OUV_CCPT, COD_ETAT_CCPT, MONT_SOLD_CCPT) VALUES ('456252', '117', '115', '1', '788', SYSDATE, 'A', '85000');
INSERT INTO "ECLIPSE"."CONTRAT_CPT" (NUM_CCPT_CCPT, COD_STRC_STRC, COD_PRD_PRD, NUM_SEQ_PERS, COD_DEV_DEV, DAT_OUV_CCPT, COD_ETAT_CCPT, MONT_SOLD_CCPT) VALUES ('585573', '120', '115', '2', '11', SYSDATE, 'A', '4200');
INSERT INTO "ECLIPSE"."CONTRAT_CPT" (NUM_CCPT_CCPT, COD_STRC_STRC, COD_PRD_PRD, NUM_SEQ_PERS, COD_DEV_DEV, DAT_OUV_CCPT, COD_ETAT_CCPT, MONT_SOLD_CCPT) VALUES ('884521', '145', '115', '1', '10', SYSDATE, 'A', '35000');
INSERT INTO "ECLIPSE"."CONTRAT_CPT" (NUM_CCPT_CCPT, COD_STRC_STRC, COD_PRD_PRD, NUM_SEQ_PERS, COD_DEV_DEV, DAT_OUV_CCPT, COD_ETAT_CCPT, MONT_SOLD_CCPT) VALUES ('573449', '120', '115', '2', '788', SYSDATE, 'A', '6000');
INSERT INTO "ECLIPSE"."CONTRAT_CPT" (NUM_CCPT_CCPT, COD_STRC_STRC, COD_PRD_PRD, NUM_SEQ_PERS, COD_DEV_DEV, DAT_OUV_CCPT, COD_ETAT_CCPT, MONT_SOLD_CCPT) VALUES ('426785', '120', '115', '1', '788', SYSDATE, 'A', '100000');
INSERT INTO "ECLIPSE"."CONTRAT_CPT" (NUM_CCPT_CCPT, COD_STRC_STRC, COD_PRD_PRD, NUM_SEQ_PERS, COD_DEV_DEV, DAT_OUV_CCPT, COD_ETAT_CCPT, MONT_SOLD_CCPT) VALUES ('459183', '120', '115', '2', '11', SYSDATE, 'A', '90000');
INSERT INTO "ECLIPSE"."CONTRAT_CPT" (NUM_CCPT_CCPT, COD_STRC_STRC, COD_PRD_PRD, NUM_SEQ_PERS, COD_DEV_DEV, DAT_OUV_CCPT, COD_ETAT_CCPT, MONT_SOLD_CCPT) VALUES ('598087', '120', '115', '1', '788', SYSDATE, 'A', '86000');
INSERT INTO "ECLIPSE"."CONTRAT_CPT" (NUM_CCPT_CCPT, COD_STRC_STRC, COD_PRD_PRD, NUM_SEQ_PERS, COD_DEV_DEV, DAT_OUV_CCPT, COD_ETAT_CCPT, MONT_SOLD_CCPT) VALUES ('416115', '120', '115', '2', '788', SYSDATE, 'A', '350500');
INSERT INTO "ECLIPSE"."CONTRAT_CPT" (NUM_CCPT_CCPT, COD_STRC_STRC, COD_PRD_PRD, NUM_SEQ_PERS, COD_DEV_DEV, DAT_OUV_CCPT, COD_ETAT_CCPT, MONT_SOLD_CCPT) VALUES ('435068', '120', '115', '1', '10', SYSDATE, 'A', '960050');
INSERT INTO "ECLIPSE"."CONTRAT_CPT" (NUM_CCPT_CCPT, COD_STRC_STRC, COD_PRD_PRD, NUM_SEQ_PERS, COD_DEV_DEV, DAT_OUV_CCPT, COD_ETAT_CCPT, MONT_SOLD_CCPT) VALUES ('387448', '117', '101', '2', '788', SYSDATE, 'A', '61050');
INSERT INTO "ECLIPSE"."CONTRAT_CPT" (NUM_CCPT_CCPT, COD_STRC_STRC, COD_PRD_PRD, NUM_SEQ_PERS, COD_DEV_DEV, DAT_OUV_CCPT, COD_ETAT_CCPT, MONT_SOLD_CCPT) VALUES ('456253', '117', '115', '1', '788', SYSDATE, 'A', '85000');
INSERT INTO "ECLIPSE"."CONTRAT_CPT" (NUM_CCPT_CCPT, COD_STRC_STRC, COD_PRD_PRD, NUM_SEQ_PERS, COD_DEV_DEV, DAT_OUV_CCPT, COD_ETAT_CCPT, MONT_SOLD_CCPT) VALUES ('585574', '120', '115', '2', '11', SYSDATE, 'A', '4200');

-- **DetailEffet
-- I/A J-10
INSERT INTO "ECLIPSE"."DETAIL_EFFET" (NUM_SEQ_DET_EFF,NUM_CCPT_CCPT,COD_CCPT_STRC,COD_CCPT_PRD,NUM_EFF_EFF,DAT_OPE_EFF,COD_VAL_EFF,COD_ENRG_EFF,COD_ETAT_EFF,MNT_EFF_EFF,RIB_TIR_EFF,NOM_TIR_EFF,NUM_PRES_EFF,DAT_ECH_EFF,DAT_CRE_EFF,ADR_TIR_EFF,NUM_REM) values ('1','884510','145','115','006672224928',SYSDATE,'41','21','I','50','08708000471000394219','QUINC ZITOUNI','1',SYSDATE+5,SYSDATE-10,'Bizerte',1);
INSERT INTO "ECLIPSE"."DETAIL_EFFET" (NUM_SEQ_DET_EFF,NUM_CCPT_CCPT,COD_CCPT_STRC,COD_CCPT_PRD,NUM_EFF_EFF,DAT_OPE_EFF,COD_VAL_EFF,COD_ENRG_EFF,COD_ETAT_EFF,MNT_EFF_EFF,RIB_TIR_EFF,NOM_TIR_EFF,NUM_PRES_EFF,DAT_ECH_EFF,DAT_CRE_EFF,ADR_TIR_EFF,NUM_REM) values ('2','573438','120','115','007159423627',SYSDATE,'41','21','I','250','05009000028307713626','ASTRAL','1',SYSDATE+6,SYSDATE-10,'Tunis',2);
INSERT INTO "ECLIPSE"."DETAIL_EFFET" (NUM_SEQ_DET_EFF,NUM_CCPT_CCPT,COD_CCPT_STRC,COD_CCPT_PRD,NUM_EFF_EFF,DAT_OPE_EFF,COD_VAL_EFF,COD_ENRG_EFF,COD_ETAT_EFF,MNT_EFF_EFF,RIB_TIR_EFF,NOM_TIR_EFF,NUM_PRES_EFF,DAT_ECH_EFF,DAT_CRE_EFF,ADR_TIR_EFF,NUM_REM) values ('3','426774','120','115','007159423724',SYSDATE,'41','21','I','500','10404100115096678886','J.M.C JELLALI MOTORS COMPANY','1',SYSDATE+7,SYSDATE-10,'Sousse',3);
INSERT INTO "ECLIPSE"."DETAIL_EFFET" (NUM_SEQ_DET_EFF,NUM_CCPT_CCPT,COD_CCPT_STRC,COD_CCPT_PRD,NUM_EFF_EFF,DAT_OPE_EFF,COD_VAL_EFF,COD_ENRG_EFF,COD_ETAT_EFF,MNT_EFF_EFF,RIB_TIR_EFF,NOM_TIR_EFF,NUM_PRES_EFF,DAT_ECH_EFF,DAT_CRE_EFF,ADR_TIR_EFF,NUM_REM) values ('4','884510','145','115','007056779197',SYSDATE,'41','21','I','1000','01305044110300758331','TUNISIE MECANIQUE','1',SYSDATE+8,SYSDATE-10,'Sfax',4);
INSERT INTO "ECLIPSE"."DETAIL_EFFET" (NUM_SEQ_DET_EFF,NUM_CCPT_CCPT,COD_CCPT_STRC,COD_CCPT_PRD,NUM_EFF_EFF,DAT_OPE_EFF,COD_VAL_EFF,COD_ENRG_EFF,COD_ETAT_EFF,MNT_EFF_EFF,RIB_TIR_EFF,NOM_TIR_EFF,NUM_PRES_EFF,DAT_ECH_EFF,DAT_CRE_EFF,ADR_TIR_EFF,NUM_REM) values ('5','573438','120','115','007090053689',SYSDATE,'41','21','I','1500','17206000000210624717','MOHAMED WESLATI','1',SYSDATE+9,SYSDATE-10,'Gafsa',5);
INSERT INTO "ECLIPSE"."DETAIL_EFFET" (NUM_SEQ_DET_EFF,NUM_CCPT_CCPT,COD_CCPT_STRC,COD_CCPT_PRD,NUM_EFF_EFF,DAT_OPE_EFF,COD_VAL_EFF,COD_ENRG_EFF,COD_ETAT_EFF,MNT_EFF_EFF,RIB_TIR_EFF,NOM_TIR_EFF,NUM_PRES_EFF,DAT_ECH_EFF,DAT_CRE_EFF,ADR_TIR_EFF,NUM_REM) values ('6','426774','120','115','007117043745',SYSDATE,'41','21','I','50','08010011041000029680','COMAF','1',SYSDATE+10,SYSDATE-10,'Bizerte',1);
INSERT INTO "ECLIPSE"."DETAIL_EFFET" (NUM_SEQ_DET_EFF,NUM_CCPT_CCPT,COD_CCPT_STRC,COD_CCPT_PRD,NUM_EFF_EFF,DAT_OPE_EFF,COD_VAL_EFF,COD_ENRG_EFF,COD_ETAT_EFF,MNT_EFF_EFF,RIB_TIR_EFF,NOM_TIR_EFF,NUM_PRES_EFF,DAT_ECH_EFF,DAT_CRE_EFF,ADR_TIR_EFF,NUM_REM) values ('7','884510','145','115','006682339021',SYSDATE,'41','21','I','250','07503007310111050737','ULYSSE HYPER','1',SYSDATE+11,SYSDATE-10,'Tunis',2);
INSERT INTO "ECLIPSE"."DETAIL_EFFET" (NUM_SEQ_DET_EFF,NUM_CCPT_CCPT,COD_CCPT_STRC,COD_CCPT_PRD,NUM_EFF_EFF,DAT_OPE_EFF,COD_VAL_EFF,COD_ENRG_EFF,COD_ETAT_EFF,MNT_EFF_EFF,RIB_TIR_EFF,NOM_TIR_EFF,NUM_PRES_EFF,DAT_ECH_EFF,DAT_CRE_EFF,ADR_TIR_EFF,NUM_REM) values ('8','573438','120','115','006896461768',SYSDATE,'41','21','I','500','01700022110000246617','BEPPC','1',SYSDATE+12,SYSDATE-10,'Sousse',3);
INSERT INTO "ECLIPSE"."DETAIL_EFFET" (NUM_SEQ_DET_EFF,NUM_CCPT_CCPT,COD_CCPT_STRC,COD_CCPT_PRD,NUM_EFF_EFF,DAT_OPE_EFF,COD_VAL_EFF,COD_ENRG_EFF,COD_ETAT_EFF,MNT_EFF_EFF,RIB_TIR_EFF,NOM_TIR_EFF,NUM_PRES_EFF,DAT_ECH_EFF,DAT_CRE_EFF,ADR_TIR_EFF,NUM_REM) values ('9','426774','120','115','006896707081',SYSDATE,'41','21','I','1000','05207000077306743041','ERS ZAYENE','1',SYSDATE+13,SYSDATE-10,'Sfax',4);
INSERT INTO "ECLIPSE"."DETAIL_EFFET" (NUM_SEQ_DET_EFF,NUM_CCPT_CCPT,COD_CCPT_STRC,COD_CCPT_PRD,NUM_EFF_EFF,DAT_OPE_EFF,COD_VAL_EFF,COD_ENRG_EFF,COD_ETAT_EFF,MNT_EFF_EFF,RIB_TIR_EFF,NOM_TIR_EFF,NUM_PRES_EFF,DAT_ECH_EFF,DAT_CRE_EFF,ADR_TIR_EFF,NUM_REM) values ('10','884510','145','115','006999197184',SYSDATE,'41','21','I','1500','21000000404700750710','STE AMANI','1',SYSDATE+14,SYSDATE-10,'Gafsa',5);
INSERT INTO "ECLIPSE"."DETAIL_EFFET" (NUM_SEQ_DET_EFF,NUM_CCPT_CCPT,COD_CCPT_STRC,COD_CCPT_PRD,NUM_EFF_EFF,DAT_OPE_EFF,COD_VAL_EFF,COD_ENRG_EFF,COD_ETAT_EFF,MNT_EFF_EFF,RIB_TIR_EFF,NOM_TIR_EFF,NUM_PRES_EFF,DAT_ECH_EFF,DAT_CRE_EFF,ADR_TIR_EFF,NUM_REM) values ('11','884510','145','115','006672224929',SYSDATE,'41','21','I','50','08708000471000394219','QUINC ZITOUNI','1',SYSDATE+5,SYSDATE-10,'Bizerte',1);
INSERT INTO "ECLIPSE"."DETAIL_EFFET" (NUM_SEQ_DET_EFF,NUM_CCPT_CCPT,COD_CCPT_STRC,COD_CCPT_PRD,NUM_EFF_EFF,DAT_OPE_EFF,COD_VAL_EFF,COD_ENRG_EFF,COD_ETAT_EFF,MNT_EFF_EFF,RIB_TIR_EFF,NOM_TIR_EFF,NUM_PRES_EFF,DAT_ECH_EFF,DAT_CRE_EFF,ADR_TIR_EFF,NUM_REM) values ('12','573438','120','115','007159423628',SYSDATE,'41','21','A','250','05009000028307713626','ASTRAL','1',SYSDATE+6,SYSDATE-10,'Tunis',2);
INSERT INTO "ECLIPSE"."DETAIL_EFFET" (NUM_SEQ_DET_EFF,NUM_CCPT_CCPT,COD_CCPT_STRC,COD_CCPT_PRD,NUM_EFF_EFF,DAT_OPE_EFF,COD_VAL_EFF,COD_ENRG_EFF,COD_ETAT_EFF,MNT_EFF_EFF,RIB_TIR_EFF,NOM_TIR_EFF,NUM_PRES_EFF,DAT_ECH_EFF,DAT_CRE_EFF,ADR_TIR_EFF,NUM_REM) values ('13','426774','120','115','007159423725',SYSDATE,'41','21','I','500','10404100115096678886','J.M.C JELLALI MOTORS COMPANY','1',SYSDATE+7,SYSDATE-10,'Sousse',3);
INSERT INTO "ECLIPSE"."DETAIL_EFFET" (NUM_SEQ_DET_EFF,NUM_CCPT_CCPT,COD_CCPT_STRC,COD_CCPT_PRD,NUM_EFF_EFF,DAT_OPE_EFF,COD_VAL_EFF,COD_ENRG_EFF,COD_ETAT_EFF,MNT_EFF_EFF,RIB_TIR_EFF,NOM_TIR_EFF,NUM_PRES_EFF,DAT_ECH_EFF,DAT_CRE_EFF,ADR_TIR_EFF,NUM_REM) values ('14','884510','145','115','007056779198',SYSDATE,'41','21','A','1000','01305044110300758331','TUNISIE MECANIQUE','1',SYSDATE+8,SYSDATE-10,'Sfax',4);
INSERT INTO "ECLIPSE"."DETAIL_EFFET" (NUM_SEQ_DET_EFF,NUM_CCPT_CCPT,COD_CCPT_STRC,COD_CCPT_PRD,NUM_EFF_EFF,DAT_OPE_EFF,COD_VAL_EFF,COD_ENRG_EFF,COD_ETAT_EFF,MNT_EFF_EFF,RIB_TIR_EFF,NOM_TIR_EFF,NUM_PRES_EFF,DAT_ECH_EFF,DAT_CRE_EFF,ADR_TIR_EFF,NUM_REM) values ('15','573438','120','115','007090053690',SYSDATE,'41','21','I','1500','17206000000210624717','MOHAMED WESLATI','1',SYSDATE+9,SYSDATE-10,'Gafsa',5);
INSERT INTO "ECLIPSE"."DETAIL_EFFET" (NUM_SEQ_DET_EFF,NUM_CCPT_CCPT,COD_CCPT_STRC,COD_CCPT_PRD,NUM_EFF_EFF,DAT_OPE_EFF,COD_VAL_EFF,COD_ENRG_EFF,COD_ETAT_EFF,MNT_EFF_EFF,RIB_TIR_EFF,NOM_TIR_EFF,NUM_PRES_EFF,DAT_ECH_EFF,DAT_CRE_EFF,ADR_TIR_EFF,NUM_REM) values ('16','426774','120','115','007117043746',SYSDATE,'41','21','I','50','08010011041000029680','COMAF','1',SYSDATE+10,SYSDATE-10,'Bizerte',1);
INSERT INTO "ECLIPSE"."DETAIL_EFFET" (NUM_SEQ_DET_EFF,NUM_CCPT_CCPT,COD_CCPT_STRC,COD_CCPT_PRD,NUM_EFF_EFF,DAT_OPE_EFF,COD_VAL_EFF,COD_ENRG_EFF,COD_ETAT_EFF,MNT_EFF_EFF,RIB_TIR_EFF,NOM_TIR_EFF,NUM_PRES_EFF,DAT_ECH_EFF,DAT_CRE_EFF,ADR_TIR_EFF,NUM_REM) values ('17','884510','145','115','006682339022',SYSDATE,'41','21','A','250','07503007310111050737','ULYSSE HYPER','1',SYSDATE+11,SYSDATE-10,'Tunis',2);
INSERT INTO "ECLIPSE"."DETAIL_EFFET" (NUM_SEQ_DET_EFF,NUM_CCPT_CCPT,COD_CCPT_STRC,COD_CCPT_PRD,NUM_EFF_EFF,DAT_OPE_EFF,COD_VAL_EFF,COD_ENRG_EFF,COD_ETAT_EFF,MNT_EFF_EFF,RIB_TIR_EFF,NOM_TIR_EFF,NUM_PRES_EFF,DAT_ECH_EFF,DAT_CRE_EFF,ADR_TIR_EFF,NUM_REM) values ('18','573438','120','115','006896461769',SYSDATE,'41','21','I','500','01700022110000246617','BEPPC','1',SYSDATE+12,SYSDATE-10,'Sousse',3);
INSERT INTO "ECLIPSE"."DETAIL_EFFET" (NUM_SEQ_DET_EFF,NUM_CCPT_CCPT,COD_CCPT_STRC,COD_CCPT_PRD,NUM_EFF_EFF,DAT_OPE_EFF,COD_VAL_EFF,COD_ENRG_EFF,COD_ETAT_EFF,MNT_EFF_EFF,RIB_TIR_EFF,NOM_TIR_EFF,NUM_PRES_EFF,DAT_ECH_EFF,DAT_CRE_EFF,ADR_TIR_EFF,NUM_REM) values ('19','426774','120','115','006896707082',SYSDATE,'41','21','A','1000','05207000077306743041','ERS ZAYENE','1',SYSDATE+13,SYSDATE-10,'Sfax',4);
INSERT INTO "ECLIPSE"."DETAIL_EFFET" (NUM_SEQ_DET_EFF,NUM_CCPT_CCPT,COD_CCPT_STRC,COD_CCPT_PRD,NUM_EFF_EFF,DAT_OPE_EFF,COD_VAL_EFF,COD_ENRG_EFF,COD_ETAT_EFF,MNT_EFF_EFF,RIB_TIR_EFF,NOM_TIR_EFF,NUM_PRES_EFF,DAT_ECH_EFF,DAT_CRE_EFF,ADR_TIR_EFF,NUM_REM) values ('20','884510','145','115','006999197185',SYSDATE,'41','21','I','1500','21000000404700750710','STE AMANI','1',SYSDATE+14,SYSDATE-10,'Gafsa',5);
INSERT INTO "ECLIPSE"."DETAIL_EFFET" (NUM_SEQ_DET_EFF,NUM_CCPT_CCPT,COD_CCPT_STRC,COD_CCPT_PRD,NUM_EFF_EFF,DAT_OPE_EFF,COD_VAL_EFF,COD_ENRG_EFF,COD_ETAT_EFF,MNT_EFF_EFF,RIB_TIR_EFF,NOM_TIR_EFF,NUM_PRES_EFF,DAT_ECH_EFF,DAT_CRE_EFF,ADR_TIR_EFF,NUM_REM) values ('21','884510','145','115','006672224938',SYSDATE,'41','21','I','50','08708000471000394219','QUINC ZITOUNI','1',SYSDATE+5,SYSDATE-10,'Bizerte',1);
INSERT INTO "ECLIPSE"."DETAIL_EFFET" (NUM_SEQ_DET_EFF,NUM_CCPT_CCPT,COD_CCPT_STRC,COD_CCPT_PRD,NUM_EFF_EFF,DAT_OPE_EFF,COD_VAL_EFF,COD_ENRG_EFF,COD_ETAT_EFF,MNT_EFF_EFF,RIB_TIR_EFF,NOM_TIR_EFF,NUM_PRES_EFF,DAT_ECH_EFF,DAT_CRE_EFF,ADR_TIR_EFF,NUM_REM) values ('22','573438','120','115','007159423637',SYSDATE,'41','21','A','250','05009000028307713626','ASTRAL','1',SYSDATE+6,SYSDATE-10,'Tunis',2);
INSERT INTO "ECLIPSE"."DETAIL_EFFET" (NUM_SEQ_DET_EFF,NUM_CCPT_CCPT,COD_CCPT_STRC,COD_CCPT_PRD,NUM_EFF_EFF,DAT_OPE_EFF,COD_VAL_EFF,COD_ENRG_EFF,COD_ETAT_EFF,MNT_EFF_EFF,RIB_TIR_EFF,NOM_TIR_EFF,NUM_PRES_EFF,DAT_ECH_EFF,DAT_CRE_EFF,ADR_TIR_EFF,NUM_REM) values ('23','426774','120','115','007159423734',SYSDATE,'41','21','I','500','10404100115096678886','J.M.C JELLALI MOTORS COMPANY','1',SYSDATE+7,SYSDATE-10,'Sousse',3);
INSERT INTO "ECLIPSE"."DETAIL_EFFET" (NUM_SEQ_DET_EFF,NUM_CCPT_CCPT,COD_CCPT_STRC,COD_CCPT_PRD,NUM_EFF_EFF,DAT_OPE_EFF,COD_VAL_EFF,COD_ENRG_EFF,COD_ETAT_EFF,MNT_EFF_EFF,RIB_TIR_EFF,NOM_TIR_EFF,NUM_PRES_EFF,DAT_ECH_EFF,DAT_CRE_EFF,ADR_TIR_EFF,NUM_REM) values ('24','884510','145','115','007056779187',SYSDATE,'41','21','A','1000','01305044110300758331','TUNISIE MECANIQUE','1',SYSDATE+8,SYSDATE-10,'Sfax',4);
INSERT INTO "ECLIPSE"."DETAIL_EFFET" (NUM_SEQ_DET_EFF,NUM_CCPT_CCPT,COD_CCPT_STRC,COD_CCPT_PRD,NUM_EFF_EFF,DAT_OPE_EFF,COD_VAL_EFF,COD_ENRG_EFF,COD_ETAT_EFF,MNT_EFF_EFF,RIB_TIR_EFF,NOM_TIR_EFF,NUM_PRES_EFF,DAT_ECH_EFF,DAT_CRE_EFF,ADR_TIR_EFF,NUM_REM) values ('25','573438','120','115','007090053699',SYSDATE,'41','21','I','1500','17206000000210624717','MOHAMED WESLATI','1',SYSDATE+9,SYSDATE-10,'Gafsa',5);
INSERT INTO "ECLIPSE"."DETAIL_EFFET" (NUM_SEQ_DET_EFF,NUM_CCPT_CCPT,COD_CCPT_STRC,COD_CCPT_PRD,NUM_EFF_EFF,DAT_OPE_EFF,COD_VAL_EFF,COD_ENRG_EFF,COD_ETAT_EFF,MNT_EFF_EFF,RIB_TIR_EFF,NOM_TIR_EFF,NUM_PRES_EFF,DAT_ECH_EFF,DAT_CRE_EFF,ADR_TIR_EFF,NUM_REM) values ('26','426774','120','115','007117043755',SYSDATE,'41','21','I','50','08010011041000029680','COMAF','1',SYSDATE+10,SYSDATE-10,'Bizerte',1);
INSERT INTO "ECLIPSE"."DETAIL_EFFET" (NUM_SEQ_DET_EFF,NUM_CCPT_CCPT,COD_CCPT_STRC,COD_CCPT_PRD,NUM_EFF_EFF,DAT_OPE_EFF,COD_VAL_EFF,COD_ENRG_EFF,COD_ETAT_EFF,MNT_EFF_EFF,RIB_TIR_EFF,NOM_TIR_EFF,NUM_PRES_EFF,DAT_ECH_EFF,DAT_CRE_EFF,ADR_TIR_EFF,NUM_REM) values ('27','884510','145','115','006682339031',SYSDATE,'41','21','A','250','07503007310111050737','ULYSSE HYPER','1',SYSDATE+11,SYSDATE-10,'Tunis',2);
INSERT INTO "ECLIPSE"."DETAIL_EFFET" (NUM_SEQ_DET_EFF,NUM_CCPT_CCPT,COD_CCPT_STRC,COD_CCPT_PRD,NUM_EFF_EFF,DAT_OPE_EFF,COD_VAL_EFF,COD_ENRG_EFF,COD_ETAT_EFF,MNT_EFF_EFF,RIB_TIR_EFF,NOM_TIR_EFF,NUM_PRES_EFF,DAT_ECH_EFF,DAT_CRE_EFF,ADR_TIR_EFF,NUM_REM) values ('28','573438','120','115','006896461778',SYSDATE,'41','21','I','500','01700022110000246617','BEPPC','1',SYSDATE+12,SYSDATE-10,'Sousse',3);
INSERT INTO "ECLIPSE"."DETAIL_EFFET" (NUM_SEQ_DET_EFF,NUM_CCPT_CCPT,COD_CCPT_STRC,COD_CCPT_PRD,NUM_EFF_EFF,DAT_OPE_EFF,COD_VAL_EFF,COD_ENRG_EFF,COD_ETAT_EFF,MNT_EFF_EFF,RIB_TIR_EFF,NOM_TIR_EFF,NUM_PRES_EFF,DAT_ECH_EFF,DAT_CRE_EFF,ADR_TIR_EFF,NUM_REM) values ('29','426774','120','115','006896707091',SYSDATE,'41','21','A','1000','05207000077306743041','ERS ZAYENE','1',SYSDATE+13,SYSDATE-10,'Sfax',4);
INSERT INTO "ECLIPSE"."DETAIL_EFFET" (NUM_SEQ_DET_EFF,NUM_CCPT_CCPT,COD_CCPT_STRC,COD_CCPT_PRD,NUM_EFF_EFF,DAT_OPE_EFF,COD_VAL_EFF,COD_ENRG_EFF,COD_ETAT_EFF,MNT_EFF_EFF,RIB_TIR_EFF,NOM_TIR_EFF,NUM_PRES_EFF,DAT_ECH_EFF,DAT_CRE_EFF,ADR_TIR_EFF,NUM_REM) values ('30','884510','145','115','006999197194',SYSDATE,'41','21','I','1500','21000000404700750710','STE AMANI','1',SYSDATE+14,SYSDATE-10,'Gafsa',5);
INSERT INTO "ECLIPSE"."DETAIL_EFFET" (NUM_SEQ_DET_EFF,NUM_CCPT_CCPT,COD_CCPT_STRC,COD_CCPT_PRD,NUM_EFF_EFF,DAT_OPE_EFF,COD_VAL_EFF,COD_ENRG_EFF,COD_ETAT_EFF,MNT_EFF_EFF,RIB_TIR_EFF,NOM_TIR_EFF,NUM_PRES_EFF,DAT_ECH_EFF,DAT_CRE_EFF,ADR_TIR_EFF,NUM_REM) values ('31','884510','145','115','006672224939',SYSDATE,'41','21','I','50','08708000471000394219','QUINC ZITOUNI','1',SYSDATE+5,SYSDATE-10,'Bizerte',1);
INSERT INTO "ECLIPSE"."DETAIL_EFFET" (NUM_SEQ_DET_EFF,NUM_CCPT_CCPT,COD_CCPT_STRC,COD_CCPT_PRD,NUM_EFF_EFF,DAT_OPE_EFF,COD_VAL_EFF,COD_ENRG_EFF,COD_ETAT_EFF,MNT_EFF_EFF,RIB_TIR_EFF,NOM_TIR_EFF,NUM_PRES_EFF,DAT_ECH_EFF,DAT_CRE_EFF,ADR_TIR_EFF,NUM_REM) values ('32','573438','120','115','007159423638',SYSDATE,'41','21','A','250','05009000028307713626','ASTRAL','1',SYSDATE+6,SYSDATE-10,'Tunis',2);
INSERT INTO "ECLIPSE"."DETAIL_EFFET" (NUM_SEQ_DET_EFF,NUM_CCPT_CCPT,COD_CCPT_STRC,COD_CCPT_PRD,NUM_EFF_EFF,DAT_OPE_EFF,COD_VAL_EFF,COD_ENRG_EFF,COD_ETAT_EFF,MNT_EFF_EFF,RIB_TIR_EFF,NOM_TIR_EFF,NUM_PRES_EFF,DAT_ECH_EFF,DAT_CRE_EFF,ADR_TIR_EFF,NUM_REM) values ('33','426774','120','115','007159423735',SYSDATE,'41','21','I','500','10404100115096678886','J.M.C JELLALI MOTORS COMPANY','1',SYSDATE+7,SYSDATE-10,'Sousse',3);
INSERT INTO "ECLIPSE"."DETAIL_EFFET" (NUM_SEQ_DET_EFF,NUM_CCPT_CCPT,COD_CCPT_STRC,COD_CCPT_PRD,NUM_EFF_EFF,DAT_OPE_EFF,COD_VAL_EFF,COD_ENRG_EFF,COD_ETAT_EFF,MNT_EFF_EFF,RIB_TIR_EFF,NOM_TIR_EFF,NUM_PRES_EFF,DAT_ECH_EFF,DAT_CRE_EFF,ADR_TIR_EFF,NUM_REM) values ('34','884510','145','115','007056779188',SYSDATE,'41','21','A','1000','01305044110300758331','TUNISIE MECANIQUE','1',SYSDATE+8,SYSDATE-10,'Sfax',4);
INSERT INTO "ECLIPSE"."DETAIL_EFFET" (NUM_SEQ_DET_EFF,NUM_CCPT_CCPT,COD_CCPT_STRC,COD_CCPT_PRD,NUM_EFF_EFF,DAT_OPE_EFF,COD_VAL_EFF,COD_ENRG_EFF,COD_ETAT_EFF,MNT_EFF_EFF,RIB_TIR_EFF,NOM_TIR_EFF,NUM_PRES_EFF,DAT_ECH_EFF,DAT_CRE_EFF,ADR_TIR_EFF,NUM_REM) values ('35','573438','120','115','007090053680',SYSDATE,'41','21','I','1500','17206000000210624717','MOHAMED WESLATI','1',SYSDATE+9,SYSDATE-10,'Gafsa',5);
INSERT INTO "ECLIPSE"."DETAIL_EFFET" (NUM_SEQ_DET_EFF,NUM_CCPT_CCPT,COD_CCPT_STRC,COD_CCPT_PRD,NUM_EFF_EFF,DAT_OPE_EFF,COD_VAL_EFF,COD_ENRG_EFF,COD_ETAT_EFF,MNT_EFF_EFF,RIB_TIR_EFF,NOM_TIR_EFF,NUM_PRES_EFF,DAT_ECH_EFF,DAT_CRE_EFF,ADR_TIR_EFF,NUM_REM) values ('36','426774','120','115','007117043756',SYSDATE,'41','21','I','50','08010011041000029680','COMAF','1',SYSDATE+10,SYSDATE-10,'Bizerte',1);
INSERT INTO "ECLIPSE"."DETAIL_EFFET" (NUM_SEQ_DET_EFF,NUM_CCPT_CCPT,COD_CCPT_STRC,COD_CCPT_PRD,NUM_EFF_EFF,DAT_OPE_EFF,COD_VAL_EFF,COD_ENRG_EFF,COD_ETAT_EFF,MNT_EFF_EFF,RIB_TIR_EFF,NOM_TIR_EFF,NUM_PRES_EFF,DAT_ECH_EFF,DAT_CRE_EFF,ADR_TIR_EFF,NUM_REM) values ('37','884510','145','115','006682339032',SYSDATE,'41','21','A','250','07503007310111050737','ULYSSE HYPER','1',SYSDATE+11,SYSDATE-10,'Tunis',2);
INSERT INTO "ECLIPSE"."DETAIL_EFFET" (NUM_SEQ_DET_EFF,NUM_CCPT_CCPT,COD_CCPT_STRC,COD_CCPT_PRD,NUM_EFF_EFF,DAT_OPE_EFF,COD_VAL_EFF,COD_ENRG_EFF,COD_ETAT_EFF,MNT_EFF_EFF,RIB_TIR_EFF,NOM_TIR_EFF,NUM_PRES_EFF,DAT_ECH_EFF,DAT_CRE_EFF,ADR_TIR_EFF,NUM_REM) values ('38','573438','120','115','006896461779',SYSDATE,'41','21','I','500','01700022110000246617','BEPPC','1',SYSDATE+12,SYSDATE-10,'Sousse',3);
INSERT INTO "ECLIPSE"."DETAIL_EFFET" (NUM_SEQ_DET_EFF,NUM_CCPT_CCPT,COD_CCPT_STRC,COD_CCPT_PRD,NUM_EFF_EFF,DAT_OPE_EFF,COD_VAL_EFF,COD_ENRG_EFF,COD_ETAT_EFF,MNT_EFF_EFF,RIB_TIR_EFF,NOM_TIR_EFF,NUM_PRES_EFF,DAT_ECH_EFF,DAT_CRE_EFF,ADR_TIR_EFF,NUM_REM) values ('39','426774','120','115','006896707092',SYSDATE,'41','21','A','1000','05207000077306743041','ERS ZAYENE','1',SYSDATE+13,SYSDATE-10,'Sfax',4);
INSERT INTO "ECLIPSE"."DETAIL_EFFET" (NUM_SEQ_DET_EFF,NUM_CCPT_CCPT,COD_CCPT_STRC,COD_CCPT_PRD,NUM_EFF_EFF,DAT_OPE_EFF,COD_VAL_EFF,COD_ENRG_EFF,COD_ETAT_EFF,MNT_EFF_EFF,RIB_TIR_EFF,NOM_TIR_EFF,NUM_PRES_EFF,DAT_ECH_EFF,DAT_CRE_EFF,ADR_TIR_EFF,NUM_REM) values ('40','884510','145','115','006999197195',SYSDATE,'41','21','I','1500','21000000404700750710','STE AMANI','1',SYSDATE+14,SYSDATE-10,'Gafsa',5);
INSERT INTO "ECLIPSE"."DETAIL_EFFET" (NUM_SEQ_DET_EFF,NUM_CCPT_CCPT,COD_CCPT_STRC,COD_CCPT_PRD,NUM_EFF_EFF,DAT_OPE_EFF,COD_VAL_EFF,COD_ENRG_EFF,COD_ETAT_EFF,MNT_EFF_EFF,RIB_TIR_EFF,NOM_TIR_EFF,NUM_PRES_EFF,DAT_ECH_EFF,DAT_CRE_EFF,ADR_TIR_EFF,NUM_REM) values ('41','884510','145','115','006672224939',SYSDATE,'41','21','I','50','08708000471000394219','QUINC ZITOUNI','1',SYSDATE+5,SYSDATE-10,'Bizerte',1);
INSERT INTO "ECLIPSE"."DETAIL_EFFET" (NUM_SEQ_DET_EFF,NUM_CCPT_CCPT,COD_CCPT_STRC,COD_CCPT_PRD,NUM_EFF_EFF,DAT_OPE_EFF,COD_VAL_EFF,COD_ENRG_EFF,COD_ETAT_EFF,MNT_EFF_EFF,RIB_TIR_EFF,NOM_TIR_EFF,NUM_PRES_EFF,DAT_ECH_EFF,DAT_CRE_EFF,ADR_TIR_EFF,NUM_REM) values ('42','573438','120','115','007159423638',SYSDATE,'41','21','A','250','05009000028307713626','ASTRAL','1',SYSDATE+6,SYSDATE-10,'Tunis',2);
INSERT INTO "ECLIPSE"."DETAIL_EFFET" (NUM_SEQ_DET_EFF,NUM_CCPT_CCPT,COD_CCPT_STRC,COD_CCPT_PRD,NUM_EFF_EFF,DAT_OPE_EFF,COD_VAL_EFF,COD_ENRG_EFF,COD_ETAT_EFF,MNT_EFF_EFF,RIB_TIR_EFF,NOM_TIR_EFF,NUM_PRES_EFF,DAT_ECH_EFF,DAT_CRE_EFF,ADR_TIR_EFF,NUM_REM) values ('43','426774','120','115','007159423735',SYSDATE,'41','21','I','500','10404100115096678886','J.M.C JELLALI MOTORS COMPANY','1',SYSDATE+7,SYSDATE-10,'Sousse',3);
INSERT INTO "ECLIPSE"."DETAIL_EFFET" (NUM_SEQ_DET_EFF,NUM_CCPT_CCPT,COD_CCPT_STRC,COD_CCPT_PRD,NUM_EFF_EFF,DAT_OPE_EFF,COD_VAL_EFF,COD_ENRG_EFF,COD_ETAT_EFF,MNT_EFF_EFF,RIB_TIR_EFF,NOM_TIR_EFF,NUM_PRES_EFF,DAT_ECH_EFF,DAT_CRE_EFF,ADR_TIR_EFF,NUM_REM) values ('44','884510','145','115','007056779188',SYSDATE,'41','21','A','1000','01305044110300758331','TUNISIE MECANIQUE','1',SYSDATE+8,SYSDATE-10,'Sfax',4);
INSERT INTO "ECLIPSE"."DETAIL_EFFET" (NUM_SEQ_DET_EFF,NUM_CCPT_CCPT,COD_CCPT_STRC,COD_CCPT_PRD,NUM_EFF_EFF,DAT_OPE_EFF,COD_VAL_EFF,COD_ENRG_EFF,COD_ETAT_EFF,MNT_EFF_EFF,RIB_TIR_EFF,NOM_TIR_EFF,NUM_PRES_EFF,DAT_ECH_EFF,DAT_CRE_EFF,ADR_TIR_EFF,NUM_REM) values ('45','573438','120','115','007090053680',SYSDATE,'41','21','I','1500','17206000000210624717','MOHAMED WESLATI','1',SYSDATE+9,SYSDATE-10,'Gafsa',5);
INSERT INTO "ECLIPSE"."DETAIL_EFFET" (NUM_SEQ_DET_EFF,NUM_CCPT_CCPT,COD_CCPT_STRC,COD_CCPT_PRD,NUM_EFF_EFF,DAT_OPE_EFF,COD_VAL_EFF,COD_ENRG_EFF,COD_ETAT_EFF,MNT_EFF_EFF,RIB_TIR_EFF,NOM_TIR_EFF,NUM_PRES_EFF,DAT_ECH_EFF,DAT_CRE_EFF,ADR_TIR_EFF,NUM_REM) values ('46','426774','120','115','007117043756',SYSDATE,'41','21','I','50','08010011041000029680','COMAF','1',SYSDATE+10,SYSDATE-10,'Bizerte',1);
INSERT INTO "ECLIPSE"."DETAIL_EFFET" (NUM_SEQ_DET_EFF,NUM_CCPT_CCPT,COD_CCPT_STRC,COD_CCPT_PRD,NUM_EFF_EFF,DAT_OPE_EFF,COD_VAL_EFF,COD_ENRG_EFF,COD_ETAT_EFF,MNT_EFF_EFF,RIB_TIR_EFF,NOM_TIR_EFF,NUM_PRES_EFF,DAT_ECH_EFF,DAT_CRE_EFF,ADR_TIR_EFF,NUM_REM) values ('47','884510','145','115','006682339032',SYSDATE,'41','21','A','250','07503007310111050737','ULYSSE HYPER','1',SYSDATE+11,SYSDATE-10,'Tunis',2);
INSERT INTO "ECLIPSE"."DETAIL_EFFET" (NUM_SEQ_DET_EFF,NUM_CCPT_CCPT,COD_CCPT_STRC,COD_CCPT_PRD,NUM_EFF_EFF,DAT_OPE_EFF,COD_VAL_EFF,COD_ENRG_EFF,COD_ETAT_EFF,MNT_EFF_EFF,RIB_TIR_EFF,NOM_TIR_EFF,NUM_PRES_EFF,DAT_ECH_EFF,DAT_CRE_EFF,ADR_TIR_EFF,NUM_REM) values ('48','573438','120','115','006896461779',SYSDATE,'41','21','I','500','01700022110000246617','BEPPC','1',SYSDATE+12,SYSDATE-10,'Sousse',3);
INSERT INTO "ECLIPSE"."DETAIL_EFFET" (NUM_SEQ_DET_EFF,NUM_CCPT_CCPT,COD_CCPT_STRC,COD_CCPT_PRD,NUM_EFF_EFF,DAT_OPE_EFF,COD_VAL_EFF,COD_ENRG_EFF,COD_ETAT_EFF,MNT_EFF_EFF,RIB_TIR_EFF,NOM_TIR_EFF,NUM_PRES_EFF,DAT_ECH_EFF,DAT_CRE_EFF,ADR_TIR_EFF,NUM_REM) values ('49','426774','120','115','006896707092',SYSDATE,'41','21','A','1000','05207000077306743041','ERS ZAYENE','1',SYSDATE+13,SYSDATE-10,'Sfax',4);
INSERT INTO "ECLIPSE"."DETAIL_EFFET" (NUM_SEQ_DET_EFF,NUM_CCPT_CCPT,COD_CCPT_STRC,COD_CCPT_PRD,NUM_EFF_EFF,DAT_OPE_EFF,COD_VAL_EFF,COD_ENRG_EFF,COD_ETAT_EFF,MNT_EFF_EFF,RIB_TIR_EFF,NOM_TIR_EFF,NUM_PRES_EFF,DAT_ECH_EFF,DAT_CRE_EFF,ADR_TIR_EFF,NUM_REM) values ('50','884510','145','115','006999197194',SYSDATE,'41','21','I','1500','21000000404700750710','STE AMANI','1',SYSDATE+14,SYSDATE-10,'Gafsa',5);
INSERT INTO "ECLIPSE"."DETAIL_EFFET" (NUM_SEQ_DET_EFF,NUM_CCPT_CCPT,COD_CCPT_STRC,COD_CCPT_PRD,NUM_EFF_EFF,DAT_OPE_EFF,COD_VAL_EFF,COD_ENRG_EFF,COD_ETAT_EFF,MNT_EFF_EFF,RIB_TIR_EFF,NOM_TIR_EFF,NUM_PRES_EFF,DAT_ECH_EFF,DAT_CRE_EFF,ADR_TIR_EFF,NUM_REM) values ('51','884510','145','115','006672224928',SYSDATE,'41','21','I','50','08708000471000394219','QUINC ZITOUNI','1',SYSDATE+5,SYSDATE-10,'Bizerte',1);
INSERT INTO "ECLIPSE"."DETAIL_EFFET" (NUM_SEQ_DET_EFF,NUM_CCPT_CCPT,COD_CCPT_STRC,COD_CCPT_PRD,NUM_EFF_EFF,DAT_OPE_EFF,COD_VAL_EFF,COD_ENRG_EFF,COD_ETAT_EFF,MNT_EFF_EFF,RIB_TIR_EFF,NOM_TIR_EFF,NUM_PRES_EFF,DAT_ECH_EFF,DAT_CRE_EFF,ADR_TIR_EFF,NUM_REM) values ('52','573438','120','115','007159423627',SYSDATE,'41','21','A','250','05009000028307713626','ASTRAL','1',SYSDATE+6,SYSDATE-10,'Tunis',2);
INSERT INTO "ECLIPSE"."DETAIL_EFFET" (NUM_SEQ_DET_EFF,NUM_CCPT_CCPT,COD_CCPT_STRC,COD_CCPT_PRD,NUM_EFF_EFF,DAT_OPE_EFF,COD_VAL_EFF,COD_ENRG_EFF,COD_ETAT_EFF,MNT_EFF_EFF,RIB_TIR_EFF,NOM_TIR_EFF,NUM_PRES_EFF,DAT_ECH_EFF,DAT_CRE_EFF,ADR_TIR_EFF,NUM_REM) values ('53','426774','120','115','007159423724',SYSDATE,'41','21','I','500','10404100115096678886','J.M.C JELLALI MOTORS COMPANY','1',SYSDATE+7,SYSDATE-10,'Sousse',3);
INSERT INTO "ECLIPSE"."DETAIL_EFFET" (NUM_SEQ_DET_EFF,NUM_CCPT_CCPT,COD_CCPT_STRC,COD_CCPT_PRD,NUM_EFF_EFF,DAT_OPE_EFF,COD_VAL_EFF,COD_ENRG_EFF,COD_ETAT_EFF,MNT_EFF_EFF,RIB_TIR_EFF,NOM_TIR_EFF,NUM_PRES_EFF,DAT_ECH_EFF,DAT_CRE_EFF,ADR_TIR_EFF,NUM_REM) values ('54','884510','145','115','007056779197',SYSDATE,'41','21','A','1000','01305044110300758331','TUNISIE MECANIQUE','1',SYSDATE+8,SYSDATE-10,'Sfax',4);
INSERT INTO "ECLIPSE"."DETAIL_EFFET" (NUM_SEQ_DET_EFF,NUM_CCPT_CCPT,COD_CCPT_STRC,COD_CCPT_PRD,NUM_EFF_EFF,DAT_OPE_EFF,COD_VAL_EFF,COD_ENRG_EFF,COD_ETAT_EFF,MNT_EFF_EFF,RIB_TIR_EFF,NOM_TIR_EFF,NUM_PRES_EFF,DAT_ECH_EFF,DAT_CRE_EFF,ADR_TIR_EFF,NUM_REM) values ('55','573438','120','115','007090053689',SYSDATE,'41','21','I','1500','17206000000210624717','MOHAMED WESLATI','1',SYSDATE+9,SYSDATE-10,'Gafsa',5);
INSERT INTO "ECLIPSE"."DETAIL_EFFET" (NUM_SEQ_DET_EFF,NUM_CCPT_CCPT,COD_CCPT_STRC,COD_CCPT_PRD,NUM_EFF_EFF,DAT_OPE_EFF,COD_VAL_EFF,COD_ENRG_EFF,COD_ETAT_EFF,MNT_EFF_EFF,RIB_TIR_EFF,NOM_TIR_EFF,NUM_PRES_EFF,DAT_ECH_EFF,DAT_CRE_EFF,ADR_TIR_EFF,NUM_REM) values ('56','426774','120','115','007117043745',SYSDATE,'41','21','I','50','08010011041000029680','COMAF','1',SYSDATE+10,SYSDATE-10,'Bizerte',1);
INSERT INTO "ECLIPSE"."DETAIL_EFFET" (NUM_SEQ_DET_EFF,NUM_CCPT_CCPT,COD_CCPT_STRC,COD_CCPT_PRD,NUM_EFF_EFF,DAT_OPE_EFF,COD_VAL_EFF,COD_ENRG_EFF,COD_ETAT_EFF,MNT_EFF_EFF,RIB_TIR_EFF,NOM_TIR_EFF,NUM_PRES_EFF,DAT_ECH_EFF,DAT_CRE_EFF,ADR_TIR_EFF,NUM_REM) values ('57','884510','145','115','006682339021',SYSDATE,'41','21','A','250','07503007310111050737','ULYSSE HYPER','1',SYSDATE+11,SYSDATE-10,'Tunis',2);
INSERT INTO "ECLIPSE"."DETAIL_EFFET" (NUM_SEQ_DET_EFF,NUM_CCPT_CCPT,COD_CCPT_STRC,COD_CCPT_PRD,NUM_EFF_EFF,DAT_OPE_EFF,COD_VAL_EFF,COD_ENRG_EFF,COD_ETAT_EFF,MNT_EFF_EFF,RIB_TIR_EFF,NOM_TIR_EFF,NUM_PRES_EFF,DAT_ECH_EFF,DAT_CRE_EFF,ADR_TIR_EFF,NUM_REM) values ('58','573438','120','115','006896461768',SYSDATE,'41','21','I','500','01700022110000246617','BEPPC','1',SYSDATE+12,SYSDATE-10,'Sousse',3);
INSERT INTO "ECLIPSE"."DETAIL_EFFET" (NUM_SEQ_DET_EFF,NUM_CCPT_CCPT,COD_CCPT_STRC,COD_CCPT_PRD,NUM_EFF_EFF,DAT_OPE_EFF,COD_VAL_EFF,COD_ENRG_EFF,COD_ETAT_EFF,MNT_EFF_EFF,RIB_TIR_EFF,NOM_TIR_EFF,NUM_PRES_EFF,DAT_ECH_EFF,DAT_CRE_EFF,ADR_TIR_EFF,NUM_REM) values ('59','426774','120','115','006896707081',SYSDATE,'41','21','A','1000','05207000077306743041','ERS ZAYENE','1',SYSDATE+13,SYSDATE-10,'Sfax',4);
INSERT INTO "ECLIPSE"."DETAIL_EFFET" (NUM_SEQ_DET_EFF,NUM_CCPT_CCPT,COD_CCPT_STRC,COD_CCPT_PRD,NUM_EFF_EFF,DAT_OPE_EFF,COD_VAL_EFF,COD_ENRG_EFF,COD_ETAT_EFF,MNT_EFF_EFF,RIB_TIR_EFF,NOM_TIR_EFF,NUM_PRES_EFF,DAT_ECH_EFF,DAT_CRE_EFF,ADR_TIR_EFF,NUM_REM) values ('60','884510','145','115','006999197184',SYSDATE,'41','21','I','1500','21000000404700750710','STE AMANI','1',SYSDATE+14,SYSDATE-10,'Gafsa',5);
INSERT INTO "ECLIPSE"."DETAIL_EFFET" (NUM_SEQ_DET_EFF,NUM_CCPT_CCPT,COD_CCPT_STRC,COD_CCPT_PRD,NUM_EFF_EFF,DAT_OPE_EFF,COD_VAL_EFF,COD_ENRG_EFF,COD_ETAT_EFF,MNT_EFF_EFF,RIB_TIR_EFF,NOM_TIR_EFF,NUM_PRES_EFF,DAT_ECH_EFF,DAT_CRE_EFF,ADR_TIR_EFF,NUM_REM) values ('61','884510','145','115','006672224929',SYSDATE,'41','21','I','50','08708000471000394219','QUINC ZITOUNI','1',SYSDATE+5,SYSDATE-10,'Bizerte',1);
INSERT INTO "ECLIPSE"."DETAIL_EFFET" (NUM_SEQ_DET_EFF,NUM_CCPT_CCPT,COD_CCPT_STRC,COD_CCPT_PRD,NUM_EFF_EFF,DAT_OPE_EFF,COD_VAL_EFF,COD_ENRG_EFF,COD_ETAT_EFF,MNT_EFF_EFF,RIB_TIR_EFF,NOM_TIR_EFF,NUM_PRES_EFF,DAT_ECH_EFF,DAT_CRE_EFF,ADR_TIR_EFF,NUM_REM) values ('62','573438','120','115','007159423628',SYSDATE,'41','21','A','250','05009000028307713626','ASTRAL','1',SYSDATE+6,SYSDATE-10,'Tunis',2);
INSERT INTO "ECLIPSE"."DETAIL_EFFET" (NUM_SEQ_DET_EFF,NUM_CCPT_CCPT,COD_CCPT_STRC,COD_CCPT_PRD,NUM_EFF_EFF,DAT_OPE_EFF,COD_VAL_EFF,COD_ENRG_EFF,COD_ETAT_EFF,MNT_EFF_EFF,RIB_TIR_EFF,NOM_TIR_EFF,NUM_PRES_EFF,DAT_ECH_EFF,DAT_CRE_EFF,ADR_TIR_EFF,NUM_REM) values ('63','426774','120','115','007159423725',SYSDATE,'41','21','I','500','10404100115096678886','J.M.C JELLALI MOTORS COMPANY','1',SYSDATE+7,SYSDATE-10,'Sousse',3);
INSERT INTO "ECLIPSE"."DETAIL_EFFET" (NUM_SEQ_DET_EFF,NUM_CCPT_CCPT,COD_CCPT_STRC,COD_CCPT_PRD,NUM_EFF_EFF,DAT_OPE_EFF,COD_VAL_EFF,COD_ENRG_EFF,COD_ETAT_EFF,MNT_EFF_EFF,RIB_TIR_EFF,NOM_TIR_EFF,NUM_PRES_EFF,DAT_ECH_EFF,DAT_CRE_EFF,ADR_TIR_EFF,NUM_REM) values ('64','884510','145','115','007056779198',SYSDATE,'41','21','A','1000','01305044110300758331','TUNISIE MECANIQUE','1',SYSDATE+8,SYSDATE-10,'Sfax',4);
INSERT INTO "ECLIPSE"."DETAIL_EFFET" (NUM_SEQ_DET_EFF,NUM_CCPT_CCPT,COD_CCPT_STRC,COD_CCPT_PRD,NUM_EFF_EFF,DAT_OPE_EFF,COD_VAL_EFF,COD_ENRG_EFF,COD_ETAT_EFF,MNT_EFF_EFF,RIB_TIR_EFF,NOM_TIR_EFF,NUM_PRES_EFF,DAT_ECH_EFF,DAT_CRE_EFF,ADR_TIR_EFF,NUM_REM) values ('65','573438','120','115','007090053690',SYSDATE,'41','21','I','1500','17206000000210624717','MOHAMED WESLATI','1',SYSDATE+9,SYSDATE-10,'Gafsa',5);
INSERT INTO "ECLIPSE"."DETAIL_EFFET" (NUM_SEQ_DET_EFF,NUM_CCPT_CCPT,COD_CCPT_STRC,COD_CCPT_PRD,NUM_EFF_EFF,DAT_OPE_EFF,COD_VAL_EFF,COD_ENRG_EFF,COD_ETAT_EFF,MNT_EFF_EFF,RIB_TIR_EFF,NOM_TIR_EFF,NUM_PRES_EFF,DAT_ECH_EFF,DAT_CRE_EFF,ADR_TIR_EFF,NUM_REM) values ('66','426774','120','115','007117043746',SYSDATE,'41','21','I','50','08010011041000029680','COMAF','1',SYSDATE+10,SYSDATE-10,'Bizerte',1);
INSERT INTO "ECLIPSE"."DETAIL_EFFET" (NUM_SEQ_DET_EFF,NUM_CCPT_CCPT,COD_CCPT_STRC,COD_CCPT_PRD,NUM_EFF_EFF,DAT_OPE_EFF,COD_VAL_EFF,COD_ENRG_EFF,COD_ETAT_EFF,MNT_EFF_EFF,RIB_TIR_EFF,NOM_TIR_EFF,NUM_PRES_EFF,DAT_ECH_EFF,DAT_CRE_EFF,ADR_TIR_EFF,NUM_REM) values ('67','884510','145','115','006682339022',SYSDATE,'41','21','A','250','07503007310111050737','ULYSSE HYPER','1',SYSDATE+11,SYSDATE-10,'Tunis',2);
INSERT INTO "ECLIPSE"."DETAIL_EFFET" (NUM_SEQ_DET_EFF,NUM_CCPT_CCPT,COD_CCPT_STRC,COD_CCPT_PRD,NUM_EFF_EFF,DAT_OPE_EFF,COD_VAL_EFF,COD_ENRG_EFF,COD_ETAT_EFF,MNT_EFF_EFF,RIB_TIR_EFF,NOM_TIR_EFF,NUM_PRES_EFF,DAT_ECH_EFF,DAT_CRE_EFF,ADR_TIR_EFF,NUM_REM) values ('68','573438','120','115','006896461769',SYSDATE,'41','21','I','500','01700022110000246617','BEPPC','1',SYSDATE+12,SYSDATE-10,'Sousse',3);
INSERT INTO "ECLIPSE"."DETAIL_EFFET" (NUM_SEQ_DET_EFF,NUM_CCPT_CCPT,COD_CCPT_STRC,COD_CCPT_PRD,NUM_EFF_EFF,DAT_OPE_EFF,COD_VAL_EFF,COD_ENRG_EFF,COD_ETAT_EFF,MNT_EFF_EFF,RIB_TIR_EFF,NOM_TIR_EFF,NUM_PRES_EFF,DAT_ECH_EFF,DAT_CRE_EFF,ADR_TIR_EFF,NUM_REM) values ('69','426774','120','115','006896707082',SYSDATE,'41','21','A','1000','05207000077306743041','ERS ZAYENE','1',SYSDATE+13,SYSDATE-10,'Sfax',4);
INSERT INTO "ECLIPSE"."DETAIL_EFFET" (NUM_SEQ_DET_EFF,NUM_CCPT_CCPT,COD_CCPT_STRC,COD_CCPT_PRD,NUM_EFF_EFF,DAT_OPE_EFF,COD_VAL_EFF,COD_ENRG_EFF,COD_ETAT_EFF,MNT_EFF_EFF,RIB_TIR_EFF,NOM_TIR_EFF,NUM_PRES_EFF,DAT_ECH_EFF,DAT_CRE_EFF,ADR_TIR_EFF,NUM_REM) values ('70','884510','145','115','006999197185',SYSDATE,'41','21','I','1500','21000000404700750710','STE AMANI','1',SYSDATE+14,SYSDATE-10,'Gafsa',5);
INSERT INTO "ECLIPSE"."DETAIL_EFFET" (NUM_SEQ_DET_EFF,NUM_CCPT_CCPT,COD_CCPT_STRC,COD_CCPT_PRD,NUM_EFF_EFF,DAT_OPE_EFF,COD_VAL_EFF,COD_ENRG_EFF,COD_ETAT_EFF,MNT_EFF_EFF,RIB_TIR_EFF,NOM_TIR_EFF,NUM_PRES_EFF,DAT_ECH_EFF,DAT_CRE_EFF,ADR_TIR_EFF,NUM_REM) values ('71','884510','145','115','006672224938',SYSDATE,'41','21','I','50','08708000471000394219','QUINC ZITOUNI','1',SYSDATE+5,SYSDATE-10,'Bizerte',1);
INSERT INTO "ECLIPSE"."DETAIL_EFFET" (NUM_SEQ_DET_EFF,NUM_CCPT_CCPT,COD_CCPT_STRC,COD_CCPT_PRD,NUM_EFF_EFF,DAT_OPE_EFF,COD_VAL_EFF,COD_ENRG_EFF,COD_ETAT_EFF,MNT_EFF_EFF,RIB_TIR_EFF,NOM_TIR_EFF,NUM_PRES_EFF,DAT_ECH_EFF,DAT_CRE_EFF,ADR_TIR_EFF,NUM_REM) values ('72','573438','120','115','007159423637',SYSDATE,'41','21','A','250','05009000028307713626','ASTRAL','1',SYSDATE+6,SYSDATE-10,'Tunis',2);
INSERT INTO "ECLIPSE"."DETAIL_EFFET" (NUM_SEQ_DET_EFF,NUM_CCPT_CCPT,COD_CCPT_STRC,COD_CCPT_PRD,NUM_EFF_EFF,DAT_OPE_EFF,COD_VAL_EFF,COD_ENRG_EFF,COD_ETAT_EFF,MNT_EFF_EFF,RIB_TIR_EFF,NOM_TIR_EFF,NUM_PRES_EFF,DAT_ECH_EFF,DAT_CRE_EFF,ADR_TIR_EFF,NUM_REM) values ('73','426774','120','115','007159423734',SYSDATE,'41','21','I','500','10404100115096678886','J.M.C JELLALI MOTORS COMPANY','1',SYSDATE+7,SYSDATE-10,'Sousse',3);
INSERT INTO "ECLIPSE"."DETAIL_EFFET" (NUM_SEQ_DET_EFF,NUM_CCPT_CCPT,COD_CCPT_STRC,COD_CCPT_PRD,NUM_EFF_EFF,DAT_OPE_EFF,COD_VAL_EFF,COD_ENRG_EFF,COD_ETAT_EFF,MNT_EFF_EFF,RIB_TIR_EFF,NOM_TIR_EFF,NUM_PRES_EFF,DAT_ECH_EFF,DAT_CRE_EFF,ADR_TIR_EFF,NUM_REM) values ('74','884510','145','115','007056779187',SYSDATE,'41','21','A','1000','01305044110300758331','TUNISIE MECANIQUE','1',SYSDATE+8,SYSDATE-10,'Sfax',4);
INSERT INTO "ECLIPSE"."DETAIL_EFFET" (NUM_SEQ_DET_EFF,NUM_CCPT_CCPT,COD_CCPT_STRC,COD_CCPT_PRD,NUM_EFF_EFF,DAT_OPE_EFF,COD_VAL_EFF,COD_ENRG_EFF,COD_ETAT_EFF,MNT_EFF_EFF,RIB_TIR_EFF,NOM_TIR_EFF,NUM_PRES_EFF,DAT_ECH_EFF,DAT_CRE_EFF,ADR_TIR_EFF,NUM_REM) values ('75','573438','120','115','007090053699',SYSDATE,'41','21','I','1500','17206000000210624717','MOHAMED WESLATI','1',SYSDATE+9,SYSDATE-10,'Gafsa',5);
INSERT INTO "ECLIPSE"."DETAIL_EFFET" (NUM_SEQ_DET_EFF,NUM_CCPT_CCPT,COD_CCPT_STRC,COD_CCPT_PRD,NUM_EFF_EFF,DAT_OPE_EFF,COD_VAL_EFF,COD_ENRG_EFF,COD_ETAT_EFF,MNT_EFF_EFF,RIB_TIR_EFF,NOM_TIR_EFF,NUM_PRES_EFF,DAT_ECH_EFF,DAT_CRE_EFF,ADR_TIR_EFF,NUM_REM) values ('76','426774','120','115','007117043755',SYSDATE,'41','21','I','50','08010011041000029680','COMAF','1',SYSDATE+10,SYSDATE-10,'Bizerte',1);
INSERT INTO "ECLIPSE"."DETAIL_EFFET" (NUM_SEQ_DET_EFF,NUM_CCPT_CCPT,COD_CCPT_STRC,COD_CCPT_PRD,NUM_EFF_EFF,DAT_OPE_EFF,COD_VAL_EFF,COD_ENRG_EFF,COD_ETAT_EFF,MNT_EFF_EFF,RIB_TIR_EFF,NOM_TIR_EFF,NUM_PRES_EFF,DAT_ECH_EFF,DAT_CRE_EFF,ADR_TIR_EFF,NUM_REM) values ('77','884510','145','115','006682339031',SYSDATE,'41','21','A','250','07503007310111050737','ULYSSE HYPER','1',SYSDATE+11,SYSDATE-10,'Tunis',2);
INSERT INTO "ECLIPSE"."DETAIL_EFFET" (NUM_SEQ_DET_EFF,NUM_CCPT_CCPT,COD_CCPT_STRC,COD_CCPT_PRD,NUM_EFF_EFF,DAT_OPE_EFF,COD_VAL_EFF,COD_ENRG_EFF,COD_ETAT_EFF,MNT_EFF_EFF,RIB_TIR_EFF,NOM_TIR_EFF,NUM_PRES_EFF,DAT_ECH_EFF,DAT_CRE_EFF,ADR_TIR_EFF,NUM_REM) values ('78','573438','120','115','006896461778',SYSDATE,'41','21','I','500','01700022110000246617','BEPPC','1',SYSDATE+12,SYSDATE-10,'Sousse',3);
INSERT INTO "ECLIPSE"."DETAIL_EFFET" (NUM_SEQ_DET_EFF,NUM_CCPT_CCPT,COD_CCPT_STRC,COD_CCPT_PRD,NUM_EFF_EFF,DAT_OPE_EFF,COD_VAL_EFF,COD_ENRG_EFF,COD_ETAT_EFF,MNT_EFF_EFF,RIB_TIR_EFF,NOM_TIR_EFF,NUM_PRES_EFF,DAT_ECH_EFF,DAT_CRE_EFF,ADR_TIR_EFF,NUM_REM) values ('79','426774','120','115','006896707091',SYSDATE,'41','21','A','1000','05207000077306743041','ERS ZAYENE','1',SYSDATE+13,SYSDATE-10,'Sfax',4);
INSERT INTO "ECLIPSE"."DETAIL_EFFET" (NUM_SEQ_DET_EFF,NUM_CCPT_CCPT,COD_CCPT_STRC,COD_CCPT_PRD,NUM_EFF_EFF,DAT_OPE_EFF,COD_VAL_EFF,COD_ENRG_EFF,COD_ETAT_EFF,MNT_EFF_EFF,RIB_TIR_EFF,NOM_TIR_EFF,NUM_PRES_EFF,DAT_ECH_EFF,DAT_CRE_EFF,ADR_TIR_EFF,NUM_REM) values ('80','884510','145','115','006999197194',SYSDATE,'41','21','I','1500','21000000404700750710','STE AMANI','1',SYSDATE+14,SYSDATE-10,'Gafsa',5);
INSERT INTO "ECLIPSE"."DETAIL_EFFET" (NUM_SEQ_DET_EFF,NUM_CCPT_CCPT,COD_CCPT_STRC,COD_CCPT_PRD,NUM_EFF_EFF,DAT_OPE_EFF,COD_VAL_EFF,COD_ENRG_EFF,COD_ETAT_EFF,MNT_EFF_EFF,RIB_TIR_EFF,NOM_TIR_EFF,NUM_PRES_EFF,DAT_ECH_EFF,DAT_CRE_EFF,ADR_TIR_EFF,NUM_REM) values ('81','884510','145','115','006672224939',SYSDATE,'41','21','I','50','08708000471000394219','QUINC ZITOUNI','1',SYSDATE+5,SYSDATE-10,'Bizerte',1);
INSERT INTO "ECLIPSE"."DETAIL_EFFET" (NUM_SEQ_DET_EFF,NUM_CCPT_CCPT,COD_CCPT_STRC,COD_CCPT_PRD,NUM_EFF_EFF,DAT_OPE_EFF,COD_VAL_EFF,COD_ENRG_EFF,COD_ETAT_EFF,MNT_EFF_EFF,RIB_TIR_EFF,NOM_TIR_EFF,NUM_PRES_EFF,DAT_ECH_EFF,DAT_CRE_EFF,ADR_TIR_EFF,NUM_REM) values ('82','573438','120','115','007159423638',SYSDATE,'41','21','A','250','05009000028307713626','ASTRAL','1',SYSDATE+6,SYSDATE-10,'Tunis',2);
INSERT INTO "ECLIPSE"."DETAIL_EFFET" (NUM_SEQ_DET_EFF,NUM_CCPT_CCPT,COD_CCPT_STRC,COD_CCPT_PRD,NUM_EFF_EFF,DAT_OPE_EFF,COD_VAL_EFF,COD_ENRG_EFF,COD_ETAT_EFF,MNT_EFF_EFF,RIB_TIR_EFF,NOM_TIR_EFF,NUM_PRES_EFF,DAT_ECH_EFF,DAT_CRE_EFF,ADR_TIR_EFF,NUM_REM) values ('83','426774','120','115','007159423735',SYSDATE,'41','21','I','500','10404100115096678886','J.M.C JELLALI MOTORS COMPANY','1',SYSDATE+7,SYSDATE-10,'Sousse',3);
INSERT INTO "ECLIPSE"."DETAIL_EFFET" (NUM_SEQ_DET_EFF,NUM_CCPT_CCPT,COD_CCPT_STRC,COD_CCPT_PRD,NUM_EFF_EFF,DAT_OPE_EFF,COD_VAL_EFF,COD_ENRG_EFF,COD_ETAT_EFF,MNT_EFF_EFF,RIB_TIR_EFF,NOM_TIR_EFF,NUM_PRES_EFF,DAT_ECH_EFF,DAT_CRE_EFF,ADR_TIR_EFF,NUM_REM) values ('84','884510','145','115','007056779188',SYSDATE,'41','21','A','1000','01305044110300758331','TUNISIE MECANIQUE','1',SYSDATE+8,SYSDATE-10,'Sfax',4);
INSERT INTO "ECLIPSE"."DETAIL_EFFET" (NUM_SEQ_DET_EFF,NUM_CCPT_CCPT,COD_CCPT_STRC,COD_CCPT_PRD,NUM_EFF_EFF,DAT_OPE_EFF,COD_VAL_EFF,COD_ENRG_EFF,COD_ETAT_EFF,MNT_EFF_EFF,RIB_TIR_EFF,NOM_TIR_EFF,NUM_PRES_EFF,DAT_ECH_EFF,DAT_CRE_EFF,ADR_TIR_EFF,NUM_REM) values ('85','573438','120','115','007090053680',SYSDATE,'41','21','I','1500','17206000000210624717','MOHAMED WESLATI','1',SYSDATE+9,SYSDATE-10,'Gafsa',5);
INSERT INTO "ECLIPSE"."DETAIL_EFFET" (NUM_SEQ_DET_EFF,NUM_CCPT_CCPT,COD_CCPT_STRC,COD_CCPT_PRD,NUM_EFF_EFF,DAT_OPE_EFF,COD_VAL_EFF,COD_ENRG_EFF,COD_ETAT_EFF,MNT_EFF_EFF,RIB_TIR_EFF,NOM_TIR_EFF,NUM_PRES_EFF,DAT_ECH_EFF,DAT_CRE_EFF,ADR_TIR_EFF,NUM_REM) values ('86','426774','120','115','007117043756',SYSDATE,'41','21','I','50','08010011041000029680','COMAF','1',SYSDATE+10,SYSDATE-10,'Bizerte',1);
INSERT INTO "ECLIPSE"."DETAIL_EFFET" (NUM_SEQ_DET_EFF,NUM_CCPT_CCPT,COD_CCPT_STRC,COD_CCPT_PRD,NUM_EFF_EFF,DAT_OPE_EFF,COD_VAL_EFF,COD_ENRG_EFF,COD_ETAT_EFF,MNT_EFF_EFF,RIB_TIR_EFF,NOM_TIR_EFF,NUM_PRES_EFF,DAT_ECH_EFF,DAT_CRE_EFF,ADR_TIR_EFF,NUM_REM) values ('87','884510','145','115','006682339032',SYSDATE,'41','21','A','250','07503007310111050737','ULYSSE HYPER','1',SYSDATE+11,SYSDATE-10,'Tunis',2);
INSERT INTO "ECLIPSE"."DETAIL_EFFET" (NUM_SEQ_DET_EFF,NUM_CCPT_CCPT,COD_CCPT_STRC,COD_CCPT_PRD,NUM_EFF_EFF,DAT_OPE_EFF,COD_VAL_EFF,COD_ENRG_EFF,COD_ETAT_EFF,MNT_EFF_EFF,RIB_TIR_EFF,NOM_TIR_EFF,NUM_PRES_EFF,DAT_ECH_EFF,DAT_CRE_EFF,ADR_TIR_EFF,NUM_REM) values ('88','573438','120','115','006896461779',SYSDATE,'41','21','I','500','01700022110000246617','BEPPC','1',SYSDATE+12,SYSDATE-10,'Sousse',3);
INSERT INTO "ECLIPSE"."DETAIL_EFFET" (NUM_SEQ_DET_EFF,NUM_CCPT_CCPT,COD_CCPT_STRC,COD_CCPT_PRD,NUM_EFF_EFF,DAT_OPE_EFF,COD_VAL_EFF,COD_ENRG_EFF,COD_ETAT_EFF,MNT_EFF_EFF,RIB_TIR_EFF,NOM_TIR_EFF,NUM_PRES_EFF,DAT_ECH_EFF,DAT_CRE_EFF,ADR_TIR_EFF,NUM_REM) values ('89','426774','120','115','006896707092',SYSDATE,'41','21','A','1000','05207000077306743041','ERS ZAYENE','1',SYSDATE+13,SYSDATE-10,'Sfax',4);
INSERT INTO "ECLIPSE"."DETAIL_EFFET" (NUM_SEQ_DET_EFF,NUM_CCPT_CCPT,COD_CCPT_STRC,COD_CCPT_PRD,NUM_EFF_EFF,DAT_OPE_EFF,COD_VAL_EFF,COD_ENRG_EFF,COD_ETAT_EFF,MNT_EFF_EFF,RIB_TIR_EFF,NOM_TIR_EFF,NUM_PRES_EFF,DAT_ECH_EFF,DAT_CRE_EFF,ADR_TIR_EFF,NUM_REM) values ('90','884510','145','115','006999197195',SYSDATE,'41','21','I','1500','21000000404700750710','STE AMANI','1',SYSDATE+14,SYSDATE-10,'Gafsa',5);
INSERT INTO "ECLIPSE"."DETAIL_EFFET" (NUM_SEQ_DET_EFF,NUM_CCPT_CCPT,COD_CCPT_STRC,COD_CCPT_PRD,NUM_EFF_EFF,DAT_OPE_EFF,COD_VAL_EFF,COD_ENRG_EFF,COD_ETAT_EFF,MNT_EFF_EFF,RIB_TIR_EFF,NOM_TIR_EFF,NUM_PRES_EFF,DAT_ECH_EFF,DAT_CRE_EFF,ADR_TIR_EFF,NUM_REM) values ('91','884510','145','115','006672224928',SYSDATE,'41','21','I','50','08708000471000394219','QUINC ZITOUNI','1',SYSDATE+5,SYSDATE-10,'Bizerte',1);
INSERT INTO "ECLIPSE"."DETAIL_EFFET" (NUM_SEQ_DET_EFF,NUM_CCPT_CCPT,COD_CCPT_STRC,COD_CCPT_PRD,NUM_EFF_EFF,DAT_OPE_EFF,COD_VAL_EFF,COD_ENRG_EFF,COD_ETAT_EFF,MNT_EFF_EFF,RIB_TIR_EFF,NOM_TIR_EFF,NUM_PRES_EFF,DAT_ECH_EFF,DAT_CRE_EFF,ADR_TIR_EFF,NUM_REM) values ('92','573438','120','115','007159423627',SYSDATE,'41','21','A','250','05009000028307713626','ASTRAL','1',SYSDATE+6,SYSDATE-10,'Tunis',2);
INSERT INTO "ECLIPSE"."DETAIL_EFFET" (NUM_SEQ_DET_EFF,NUM_CCPT_CCPT,COD_CCPT_STRC,COD_CCPT_PRD,NUM_EFF_EFF,DAT_OPE_EFF,COD_VAL_EFF,COD_ENRG_EFF,COD_ETAT_EFF,MNT_EFF_EFF,RIB_TIR_EFF,NOM_TIR_EFF,NUM_PRES_EFF,DAT_ECH_EFF,DAT_CRE_EFF,ADR_TIR_EFF,NUM_REM) values ('93','426774','120','115','007159423724',SYSDATE,'41','21','I','500','10404100115096678886','J.M.C JELLALI MOTORS COMPANY','1',SYSDATE+7,SYSDATE-10,'Sousse',3);
INSERT INTO "ECLIPSE"."DETAIL_EFFET" (NUM_SEQ_DET_EFF,NUM_CCPT_CCPT,COD_CCPT_STRC,COD_CCPT_PRD,NUM_EFF_EFF,DAT_OPE_EFF,COD_VAL_EFF,COD_ENRG_EFF,COD_ETAT_EFF,MNT_EFF_EFF,RIB_TIR_EFF,NOM_TIR_EFF,NUM_PRES_EFF,DAT_ECH_EFF,DAT_CRE_EFF,ADR_TIR_EFF,NUM_REM) values ('94','884510','145','115','007056779197',SYSDATE,'41','21','A','1000','01305044110300758331','TUNISIE MECANIQUE','1',SYSDATE+8,SYSDATE-10,'Sfax',4);
INSERT INTO "ECLIPSE"."DETAIL_EFFET" (NUM_SEQ_DET_EFF,NUM_CCPT_CCPT,COD_CCPT_STRC,COD_CCPT_PRD,NUM_EFF_EFF,DAT_OPE_EFF,COD_VAL_EFF,COD_ENRG_EFF,COD_ETAT_EFF,MNT_EFF_EFF,RIB_TIR_EFF,NOM_TIR_EFF,NUM_PRES_EFF,DAT_ECH_EFF,DAT_CRE_EFF,ADR_TIR_EFF,NUM_REM) values ('95','573438','120','115','007090053689',SYSDATE,'41','21','I','1500','17206000000210624717','MOHAMED WESLATI','1',SYSDATE+9,SYSDATE-10,'Gafsa',5);
INSERT INTO "ECLIPSE"."DETAIL_EFFET" (NUM_SEQ_DET_EFF,NUM_CCPT_CCPT,COD_CCPT_STRC,COD_CCPT_PRD,NUM_EFF_EFF,DAT_OPE_EFF,COD_VAL_EFF,COD_ENRG_EFF,COD_ETAT_EFF,MNT_EFF_EFF,RIB_TIR_EFF,NOM_TIR_EFF,NUM_PRES_EFF,DAT_ECH_EFF,DAT_CRE_EFF,ADR_TIR_EFF,NUM_REM) values ('96','426774','120','115','007117043745',SYSDATE,'41','21','I','50','08010011041000029680','COMAF','1',SYSDATE+10,SYSDATE-10,'Bizerte',1);
INSERT INTO "ECLIPSE"."DETAIL_EFFET" (NUM_SEQ_DET_EFF,NUM_CCPT_CCPT,COD_CCPT_STRC,COD_CCPT_PRD,NUM_EFF_EFF,DAT_OPE_EFF,COD_VAL_EFF,COD_ENRG_EFF,COD_ETAT_EFF,MNT_EFF_EFF,RIB_TIR_EFF,NOM_TIR_EFF,NUM_PRES_EFF,DAT_ECH_EFF,DAT_CRE_EFF,ADR_TIR_EFF,NUM_REM) values ('97','884510','145','115','006682339021',SYSDATE,'41','21','A','250','07503007310111050737','ULYSSE HYPER','1',SYSDATE+11,SYSDATE-10,'Tunis',2);
INSERT INTO "ECLIPSE"."DETAIL_EFFET" (NUM_SEQ_DET_EFF,NUM_CCPT_CCPT,COD_CCPT_STRC,COD_CCPT_PRD,NUM_EFF_EFF,DAT_OPE_EFF,COD_VAL_EFF,COD_ENRG_EFF,COD_ETAT_EFF,MNT_EFF_EFF,RIB_TIR_EFF,NOM_TIR_EFF,NUM_PRES_EFF,DAT_ECH_EFF,DAT_CRE_EFF,ADR_TIR_EFF,NUM_REM) values ('98','573438','120','115','006896461768',SYSDATE,'41','21','I','500','01700022110000246617','BEPPC','1',SYSDATE+12,SYSDATE-10,'Sousse',3);
INSERT INTO "ECLIPSE"."DETAIL_EFFET" (NUM_SEQ_DET_EFF,NUM_CCPT_CCPT,COD_CCPT_STRC,COD_CCPT_PRD,NUM_EFF_EFF,DAT_OPE_EFF,COD_VAL_EFF,COD_ENRG_EFF,COD_ETAT_EFF,MNT_EFF_EFF,RIB_TIR_EFF,NOM_TIR_EFF,NUM_PRES_EFF,DAT_ECH_EFF,DAT_CRE_EFF,ADR_TIR_EFF,NUM_REM) values ('99','426774','120','115','006896707081',SYSDATE,'41','21','A','1000','05207000077306743041','ERS ZAYENE','1',SYSDATE+13,SYSDATE-10,'Sfax',4);
INSERT INTO "ECLIPSE"."DETAIL_EFFET" (NUM_SEQ_DET_EFF,NUM_CCPT_CCPT,COD_CCPT_STRC,COD_CCPT_PRD,NUM_EFF_EFF,DAT_OPE_EFF,COD_VAL_EFF,COD_ENRG_EFF,COD_ETAT_EFF,MNT_EFF_EFF,RIB_TIR_EFF,NOM_TIR_EFF,NUM_PRES_EFF,DAT_ECH_EFF,DAT_CRE_EFF,ADR_TIR_EFF,NUM_REM) values ('100','884510','145','115','006999197184',SYSDATE,'41','21','I','1500','21000000404700750710','STE AMANI','1',SYSDATE+14,SYSDATE-10,'Gafsa',5);
INSERT INTO "ECLIPSE"."DETAIL_EFFET" (NUM_SEQ_DET_EFF,NUM_CCPT_CCPT,COD_CCPT_STRC,COD_CCPT_PRD,NUM_EFF_EFF,DAT_OPE_EFF,COD_VAL_EFF,COD_ENRG_EFF,COD_ETAT_EFF,MNT_EFF_EFF,RIB_TIR_EFF,NOM_TIR_EFF,NUM_PRES_EFF,DAT_ECH_EFF,DAT_CRE_EFF,ADR_TIR_EFF,NUM_REM) values ('101','884510','145','115','006672224928',SYSDATE,'41','21','I','50','08708000471000394219','QUINC ZITOUNI','1',SYSDATE+5,SYSDATE-10,'Bizerte',1);
INSERT INTO "ECLIPSE"."DETAIL_EFFET" (NUM_SEQ_DET_EFF,NUM_CCPT_CCPT,COD_CCPT_STRC,COD_CCPT_PRD,NUM_EFF_EFF,DAT_OPE_EFF,COD_VAL_EFF,COD_ENRG_EFF,COD_ETAT_EFF,MNT_EFF_EFF,RIB_TIR_EFF,NOM_TIR_EFF,NUM_PRES_EFF,DAT_ECH_EFF,DAT_CRE_EFF,ADR_TIR_EFF,NUM_REM) values ('102','573438','120','115','007159423627',SYSDATE,'41','21','A','250','05009000028307713626','ASTRAL','1',SYSDATE+6,SYSDATE-10,'Tunis',2);
INSERT INTO "ECLIPSE"."DETAIL_EFFET" (NUM_SEQ_DET_EFF,NUM_CCPT_CCPT,COD_CCPT_STRC,COD_CCPT_PRD,NUM_EFF_EFF,DAT_OPE_EFF,COD_VAL_EFF,COD_ENRG_EFF,COD_ETAT_EFF,MNT_EFF_EFF,RIB_TIR_EFF,NOM_TIR_EFF,NUM_PRES_EFF,DAT_ECH_EFF,DAT_CRE_EFF,ADR_TIR_EFF,NUM_REM) values ('103','426774','120','115','007159423724',SYSDATE,'41','21','I','500','10404100115096678886','J.M.C JELLALI MOTORS COMPANY','1',SYSDATE+7,SYSDATE-10,'Sousse',3);
INSERT INTO "ECLIPSE"."DETAIL_EFFET" (NUM_SEQ_DET_EFF,NUM_CCPT_CCPT,COD_CCPT_STRC,COD_CCPT_PRD,NUM_EFF_EFF,DAT_OPE_EFF,COD_VAL_EFF,COD_ENRG_EFF,COD_ETAT_EFF,MNT_EFF_EFF,RIB_TIR_EFF,NOM_TIR_EFF,NUM_PRES_EFF,DAT_ECH_EFF,DAT_CRE_EFF,ADR_TIR_EFF,NUM_REM) values ('104','884510','145','115','007056779197',SYSDATE,'41','21','A','1000','01305044110300758331','TUNISIE MECANIQUE','1',SYSDATE+8,SYSDATE-10,'Sfax',4);
INSERT INTO "ECLIPSE"."DETAIL_EFFET" (NUM_SEQ_DET_EFF,NUM_CCPT_CCPT,COD_CCPT_STRC,COD_CCPT_PRD,NUM_EFF_EFF,DAT_OPE_EFF,COD_VAL_EFF,COD_ENRG_EFF,COD_ETAT_EFF,MNT_EFF_EFF,RIB_TIR_EFF,NOM_TIR_EFF,NUM_PRES_EFF,DAT_ECH_EFF,DAT_CRE_EFF,ADR_TIR_EFF,NUM_REM) values ('105','573438','120','115','007090053689',SYSDATE,'41','21','I','1500','17206000000210624717','MOHAMED WESLATI','1',SYSDATE+9,SYSDATE-10,'Gafsa',5);
INSERT INTO "ECLIPSE"."DETAIL_EFFET" (NUM_SEQ_DET_EFF,NUM_CCPT_CCPT,COD_CCPT_STRC,COD_CCPT_PRD,NUM_EFF_EFF,DAT_OPE_EFF,COD_VAL_EFF,COD_ENRG_EFF,COD_ETAT_EFF,MNT_EFF_EFF,RIB_TIR_EFF,NOM_TIR_EFF,NUM_PRES_EFF,DAT_ECH_EFF,DAT_CRE_EFF,ADR_TIR_EFF,NUM_REM) values ('106','426774','120','115','007117043745',SYSDATE,'41','21','I','50','08010011041000029680','COMAF','1',SYSDATE+10,SYSDATE-10,'Bizerte',1);
INSERT INTO "ECLIPSE"."DETAIL_EFFET" (NUM_SEQ_DET_EFF,NUM_CCPT_CCPT,COD_CCPT_STRC,COD_CCPT_PRD,NUM_EFF_EFF,DAT_OPE_EFF,COD_VAL_EFF,COD_ENRG_EFF,COD_ETAT_EFF,MNT_EFF_EFF,RIB_TIR_EFF,NOM_TIR_EFF,NUM_PRES_EFF,DAT_ECH_EFF,DAT_CRE_EFF,ADR_TIR_EFF,NUM_REM) values ('107','884510','145','115','006682339021',SYSDATE,'41','21','A','250','07503007310111050737','ULYSSE HYPER','1',SYSDATE+11,SYSDATE-10,'Tunis',2);
INSERT INTO "ECLIPSE"."DETAIL_EFFET" (NUM_SEQ_DET_EFF,NUM_CCPT_CCPT,COD_CCPT_STRC,COD_CCPT_PRD,NUM_EFF_EFF,DAT_OPE_EFF,COD_VAL_EFF,COD_ENRG_EFF,COD_ETAT_EFF,MNT_EFF_EFF,RIB_TIR_EFF,NOM_TIR_EFF,NUM_PRES_EFF,DAT_ECH_EFF,DAT_CRE_EFF,ADR_TIR_EFF,NUM_REM) values ('108','573438','120','115','006896461768',SYSDATE,'41','21','I','500','01700022110000246617','BEPPC','1',SYSDATE+12,SYSDATE-10,'Sousse',3);
INSERT INTO "ECLIPSE"."DETAIL_EFFET" (NUM_SEQ_DET_EFF,NUM_CCPT_CCPT,COD_CCPT_STRC,COD_CCPT_PRD,NUM_EFF_EFF,DAT_OPE_EFF,COD_VAL_EFF,COD_ENRG_EFF,COD_ETAT_EFF,MNT_EFF_EFF,RIB_TIR_EFF,NOM_TIR_EFF,NUM_PRES_EFF,DAT_ECH_EFF,DAT_CRE_EFF,ADR_TIR_EFF,NUM_REM) values ('109','426774','120','115','006896707081',SYSDATE,'41','21','A','1000','05207000077306743041','ERS ZAYENE','1',SYSDATE+13,SYSDATE-10,'Sfax',4);
-- V/R J J-10
INSERT INTO "ECLIPSE"."DETAIL_EFFET" (NUM_SEQ_DET_EFF,NUM_CCPT_CCPT,COD_CCPT_STRC,COD_CCPT_PRD,NUM_EFF_EFF,DAT_OPE_EFF,COD_VAL_EFF,COD_ENRG_EFF,COD_ETAT_EFF,MNT_EFF_EFF,RIB_TIR_EFF,NOM_TIR_EFF,NUM_PRES_EFF,DAT_ECH_EFF,DAT_CRE_EFF,ADR_TIR_EFF,NUM_REM) values ('110','884510','145','115','006672224928',SYSDATE,'41','21','V','50','08708000471000394219','QUINC ZITOUNI','1',SYSDATE+15,SYSDATE,'Bizerte',1);
INSERT INTO "ECLIPSE"."DETAIL_EFFET" (NUM_SEQ_DET_EFF,NUM_CCPT_CCPT,COD_CCPT_STRC,COD_CCPT_PRD,NUM_EFF_EFF,DAT_OPE_EFF,COD_VAL_EFF,COD_ENRG_EFF,COD_ETAT_EFF,MNT_EFF_EFF,RIB_TIR_EFF,NOM_TIR_EFF,NUM_PRES_EFF,DAT_ECH_EFF,DAT_CRE_EFF,ADR_TIR_EFF,NUM_REM) values ('111','573438','120','115','007159423628',SYSDATE,'41','21','V','250','05009000028307713625','ASTRAL','1',SYSDATE+15,SYSDATE,'Tunis',2);
INSERT INTO "ECLIPSE"."DETAIL_EFFET" (NUM_SEQ_DET_EFF,NUM_CCPT_CCPT,COD_CCPT_STRC,COD_CCPT_PRD,NUM_EFF_EFF,DAT_OPE_EFF,COD_VAL_EFF,COD_ENRG_EFF,COD_ETAT_EFF,MNT_EFF_EFF,RIB_TIR_EFF,NOM_TIR_EFF,NUM_PRES_EFF,DAT_ECH_EFF,DAT_CRE_EFF,ADR_TIR_EFF,NUM_REM) values ('112','573438','120','115','007159423627',SYSDATE,'41','21','V','250','05009000028307713626','ASTRAL','1',SYSDATE+15,SYSDATE,'Tunis',2);
INSERT INTO "ECLIPSE"."DETAIL_EFFET" (NUM_SEQ_DET_EFF,NUM_CCPT_CCPT,COD_CCPT_STRC,COD_CCPT_PRD,NUM_EFF_EFF,DAT_OPE_EFF,COD_VAL_EFF,COD_ENRG_EFF,COD_ETAT_EFF,MNT_EFF_EFF,RIB_TIR_EFF,NOM_TIR_EFF,NUM_PRES_EFF,DAT_ECH_EFF,DAT_CRE_EFF,ADR_TIR_EFF,NUM_REM) values ('113','426774','120','115','007159423724',SYSDATE,'41','21','V','500','10404100115096678886','J.M.C JELLALI MOTORS COMPANY','1',SYSDATE+15,SYSDATE,'Sousse',3);
INSERT INTO "ECLIPSE"."DETAIL_EFFET" (NUM_SEQ_DET_EFF,NUM_CCPT_CCPT,COD_CCPT_STRC,COD_CCPT_PRD,NUM_EFF_EFF,DAT_OPE_EFF,COD_VAL_EFF,COD_ENRG_EFF,COD_ETAT_EFF,MNT_EFF_EFF,RIB_TIR_EFF,NOM_TIR_EFF,NUM_PRES_EFF,DAT_ECH_EFF,DAT_CRE_EFF,ADR_TIR_EFF,NUM_REM) values ('114','884510','145','115','007056779197',SYSDATE,'41','21','V','1000','01305044110300758331','TUNISIE MECANIQUE','1',SYSDATE+15,SYSDATE,'Sfax',4);
INSERT INTO "ECLIPSE"."DETAIL_EFFET" (NUM_SEQ_DET_EFF,NUM_CCPT_CCPT,COD_CCPT_STRC,COD_CCPT_PRD,NUM_EFF_EFF,DAT_OPE_EFF,COD_VAL_EFF,COD_ENRG_EFF,COD_ETAT_EFF,MNT_EFF_EFF,RIB_TIR_EFF,NOM_TIR_EFF,NUM_PRES_EFF,DAT_ECH_EFF,DAT_CRE_EFF,ADR_TIR_EFF,NUM_REM) values ('115','573438','120','115','007090053689',SYSDATE,'41','21','V','1500','17206000000210624717','MOHAMED WESLATI','1',SYSDATE+15,SYSDATE,'Gafsa',5);
INSERT INTO "ECLIPSE"."DETAIL_EFFET" (NUM_SEQ_DET_EFF,NUM_CCPT_CCPT,COD_CCPT_STRC,COD_CCPT_PRD,NUM_EFF_EFF,DAT_OPE_EFF,COD_VAL_EFF,COD_ENRG_EFF,COD_ETAT_EFF,MNT_EFF_EFF,RIB_TIR_EFF,NOM_TIR_EFF,NUM_PRES_EFF,DAT_ECH_EFF,DAT_CRE_EFF,ADR_TIR_EFF,NUM_REM) values ('116','426774','120','115','007117043745',SYSDATE,'41','21','V','50','08010011041000029680','COMAF','1',SYSDATE+15,SYSDATE,'Bizerte',1);
INSERT INTO "ECLIPSE"."DETAIL_EFFET" (NUM_SEQ_DET_EFF,NUM_CCPT_CCPT,COD_CCPT_STRC,COD_CCPT_PRD,NUM_EFF_EFF,DAT_OPE_EFF,COD_VAL_EFF,COD_ENRG_EFF,COD_ETAT_EFF,MNT_EFF_EFF,RIB_TIR_EFF,NOM_TIR_EFF,NUM_PRES_EFF,DAT_ECH_EFF,DAT_CRE_EFF,ADR_TIR_EFF,NUM_REM) values ('117','884510','145','115','006682339021',SYSDATE,'41','21','V','250','07503007310111050737','ULYSSE HYPER','1',SYSDATE+15,SYSDATE,'Tunis',2);
INSERT INTO "ECLIPSE"."DETAIL_EFFET" (NUM_SEQ_DET_EFF,NUM_CCPT_CCPT,COD_CCPT_STRC,COD_CCPT_PRD,NUM_EFF_EFF,DAT_OPE_EFF,COD_VAL_EFF,COD_ENRG_EFF,COD_ETAT_EFF,MNT_EFF_EFF,RIB_TIR_EFF,NOM_TIR_EFF,NUM_PRES_EFF,DAT_ECH_EFF,DAT_CRE_EFF,ADR_TIR_EFF,NUM_REM) values ('118','573438','120','115','006896461768',SYSDATE,'41','21','V','500','01700022110000246617','BEPPC','1',SYSDATE+15,SYSDATE,'Sousse',3);
INSERT INTO "ECLIPSE"."DETAIL_EFFET" (NUM_SEQ_DET_EFF,NUM_CCPT_CCPT,COD_CCPT_STRC,COD_CCPT_PRD,NUM_EFF_EFF,DAT_OPE_EFF,COD_VAL_EFF,COD_ENRG_EFF,COD_ETAT_EFF,MNT_EFF_EFF,RIB_TIR_EFF,NOM_TIR_EFF,NUM_PRES_EFF,DAT_ECH_EFF,DAT_CRE_EFF,ADR_TIR_EFF,NUM_REM) values ('119','426774','120','115','006896707081',SYSDATE,'41','21','V','1000','05207000077306743041','ERS ZAYENE','1',SYSDATE+15,SYSDATE,'Sfax',4);
INSERT INTO "ECLIPSE"."DETAIL_EFFET" (NUM_SEQ_DET_EFF,NUM_CCPT_CCPT,COD_CCPT_STRC,COD_CCPT_PRD,NUM_EFF_EFF,DAT_OPE_EFF,COD_VAL_EFF,COD_ENRG_EFF,COD_ETAT_EFF,MNT_EFF_EFF,RIB_TIR_EFF,NOM_TIR_EFF,NUM_PRES_EFF,DAT_ECH_EFF,DAT_CRE_EFF,ADR_TIR_EFF,NUM_REM) values ('120','884510','145','115','006999197184',SYSDATE,'41','21','V','1500','21000000404700750710','STE AMANI','1',SYSDATE+15,SYSDATE,'Gafsa',5);
INSERT INTO "ECLIPSE"."DETAIL_EFFET" (NUM_SEQ_DET_EFF,NUM_CCPT_CCPT,COD_CCPT_STRC,COD_CCPT_PRD,NUM_EFF_EFF,DAT_OPE_EFF,COD_VAL_EFF,COD_ENRG_EFF,COD_ETAT_EFF,MNT_EFF_EFF,RIB_TIR_EFF,NOM_TIR_EFF,NUM_PRES_EFF,DAT_ECH_EFF,DAT_CRE_EFF,ADR_TIR_EFF,NUM_REM,CODE_REJ) values ('121','884510','145','115','006672224928',SYSDATE,'41','21','R','50','08708000471000394219','QUINC ZITOUNI','1',SYSDATE+15,SYSDATE,'Bizerte',1,1);
INSERT INTO "ECLIPSE"."DETAIL_EFFET" (NUM_SEQ_DET_EFF,NUM_CCPT_CCPT,COD_CCPT_STRC,COD_CCPT_PRD,NUM_EFF_EFF,DAT_OPE_EFF,COD_VAL_EFF,COD_ENRG_EFF,COD_ETAT_EFF,MNT_EFF_EFF,RIB_TIR_EFF,NOM_TIR_EFF,NUM_PRES_EFF,DAT_ECH_EFF,DAT_CRE_EFF,ADR_TIR_EFF,NUM_REM,CODE_REJ) values ('122','573438','120','115','007159423627',SYSDATE,'41','21','R','250','05009000028307713626','ASTRAL','1',SYSDATE+15,SYSDATE,'Tunis',2,2);
INSERT INTO "ECLIPSE"."DETAIL_EFFET" (NUM_SEQ_DET_EFF,NUM_CCPT_CCPT,COD_CCPT_STRC,COD_CCPT_PRD,NUM_EFF_EFF,DAT_OPE_EFF,COD_VAL_EFF,COD_ENRG_EFF,COD_ETAT_EFF,MNT_EFF_EFF,RIB_TIR_EFF,NOM_TIR_EFF,NUM_PRES_EFF,DAT_ECH_EFF,DAT_CRE_EFF,ADR_TIR_EFF,NUM_REM,CODE_REJ) values ('123','426774','120','115','007159423724',SYSDATE,'41','21','R','500','10404100115096678886','J.M.C JELLALI MOTORS COMPANY','1',SYSDATE+15,SYSDATE,'Sousse',3,3);
INSERT INTO "ECLIPSE"."DETAIL_EFFET" (NUM_SEQ_DET_EFF,NUM_CCPT_CCPT,COD_CCPT_STRC,COD_CCPT_PRD,NUM_EFF_EFF,DAT_OPE_EFF,COD_VAL_EFF,COD_ENRG_EFF,COD_ETAT_EFF,MNT_EFF_EFF,RIB_TIR_EFF,NOM_TIR_EFF,NUM_PRES_EFF,DAT_ECH_EFF,DAT_CRE_EFF,ADR_TIR_EFF,NUM_REM,CODE_REJ) values ('124','884510','145','115','007056779197',SYSDATE,'41','21','R','1000','01305044110300758331','TUNISIE MECANIQUE','1',SYSDATE+15,SYSDATE,'Sfax',4,4);
INSERT INTO "ECLIPSE"."DETAIL_EFFET" (NUM_SEQ_DET_EFF,NUM_CCPT_CCPT,COD_CCPT_STRC,COD_CCPT_PRD,NUM_EFF_EFF,DAT_OPE_EFF,COD_VAL_EFF,COD_ENRG_EFF,COD_ETAT_EFF,MNT_EFF_EFF,RIB_TIR_EFF,NOM_TIR_EFF,NUM_PRES_EFF,DAT_ECH_EFF,DAT_CRE_EFF,ADR_TIR_EFF,NUM_REM,CODE_REJ) values ('125','573438','120','115','007090053689',SYSDATE,'41','21','R','1500','17206000000210624717','MOHAMED WESLATI','1',SYSDATE+15,SYSDATE,'Gafsa',5,10);
INSERT INTO "ECLIPSE"."DETAIL_EFFET" (NUM_SEQ_DET_EFF,NUM_CCPT_CCPT,COD_CCPT_STRC,COD_CCPT_PRD,NUM_EFF_EFF,DAT_OPE_EFF,COD_VAL_EFF,COD_ENRG_EFF,COD_ETAT_EFF,MNT_EFF_EFF,RIB_TIR_EFF,NOM_TIR_EFF,NUM_PRES_EFF,DAT_ECH_EFF,DAT_CRE_EFF,ADR_TIR_EFF,NUM_REM,CODE_REJ) values ('126','426774','120','115','007117043745',SYSDATE,'41','21','R','50','08010011041000029680','COMAF','1',SYSDATE+15,SYSDATE,'Bizerte',1,1);
INSERT INTO "ECLIPSE"."DETAIL_EFFET" (NUM_SEQ_DET_EFF,NUM_CCPT_CCPT,COD_CCPT_STRC,COD_CCPT_PRD,NUM_EFF_EFF,DAT_OPE_EFF,COD_VAL_EFF,COD_ENRG_EFF,COD_ETAT_EFF,MNT_EFF_EFF,RIB_TIR_EFF,NOM_TIR_EFF,NUM_PRES_EFF,DAT_ECH_EFF,DAT_CRE_EFF,ADR_TIR_EFF,NUM_REM,CODE_REJ) values ('127','884510','145','115','006682339021',SYSDATE,'41','21','R','250','07503007310111050737','ULYSSE HYPER','1',SYSDATE+15,SYSDATE,'Tunis',2,2);
INSERT INTO "ECLIPSE"."DETAIL_EFFET" (NUM_SEQ_DET_EFF,NUM_CCPT_CCPT,COD_CCPT_STRC,COD_CCPT_PRD,NUM_EFF_EFF,DAT_OPE_EFF,COD_VAL_EFF,COD_ENRG_EFF,COD_ETAT_EFF,MNT_EFF_EFF,RIB_TIR_EFF,NOM_TIR_EFF,NUM_PRES_EFF,DAT_ECH_EFF,DAT_CRE_EFF,ADR_TIR_EFF,NUM_REM,CODE_REJ) values ('128','573438','120','115','006896461768',SYSDATE,'41','21','R','500','01700022110000246617','BEPPC','1',SYSDATE+15,SYSDATE,'Sousse',3,3);
INSERT INTO "ECLIPSE"."DETAIL_EFFET" (NUM_SEQ_DET_EFF,NUM_CCPT_CCPT,COD_CCPT_STRC,COD_CCPT_PRD,NUM_EFF_EFF,DAT_OPE_EFF,COD_VAL_EFF,COD_ENRG_EFF,COD_ETAT_EFF,MNT_EFF_EFF,RIB_TIR_EFF,NOM_TIR_EFF,NUM_PRES_EFF,DAT_ECH_EFF,DAT_CRE_EFF,ADR_TIR_EFF,NUM_REM,CODE_REJ) values ('129','426774','120','115','006896707081',SYSDATE,'41','21','R','1000','05207000077306743041','ERS ZAYENE','1',SYSDATE+15,SYSDATE,'Sfax',4,4);
INSERT INTO "ECLIPSE"."DETAIL_EFFET" (NUM_SEQ_DET_EFF,NUM_CCPT_CCPT,COD_CCPT_STRC,COD_CCPT_PRD,NUM_EFF_EFF,DAT_OPE_EFF,COD_VAL_EFF,COD_ENRG_EFF,COD_ETAT_EFF,MNT_EFF_EFF,RIB_TIR_EFF,NOM_TIR_EFF,NUM_PRES_EFF,DAT_ECH_EFF,DAT_CRE_EFF,ADR_TIR_EFF,NUM_REM,CODE_REJ) values ('130','884510','145','115','006999197195',SYSDATE,'41','21','R','1500','21000000404700750710','STE AMANI','1',SYSDATE+14,SYSDATE-10,'Gafsa',5,10);
INSERT INTO "ECLIPSE"."DETAIL_EFFET" (NUM_SEQ_DET_EFF,NUM_CCPT_CCPT,COD_CCPT_STRC,COD_CCPT_PRD,NUM_EFF_EFF,DAT_OPE_EFF,COD_VAL_EFF,COD_ENRG_EFF,COD_ETAT_EFF,MNT_EFF_EFF,RIB_TIR_EFF,NOM_TIR_EFF,NUM_PRES_EFF,DAT_ECH_EFF,DAT_CRE_EFF,ADR_TIR_EFF,NUM_REM,CODE_REJ) values ('131','884510','145','115','006672224928',SYSDATE,'41','21','R','50','08708000471000394219','QUINC ZITOUNI','1',SYSDATE+5,SYSDATE-10,'Bizerte',1,1);
INSERT INTO "ECLIPSE"."DETAIL_EFFET" (NUM_SEQ_DET_EFF,NUM_CCPT_CCPT,COD_CCPT_STRC,COD_CCPT_PRD,NUM_EFF_EFF,DAT_OPE_EFF,COD_VAL_EFF,COD_ENRG_EFF,COD_ETAT_EFF,MNT_EFF_EFF,RIB_TIR_EFF,NOM_TIR_EFF,NUM_PRES_EFF,DAT_ECH_EFF,DAT_CRE_EFF,ADR_TIR_EFF,NUM_REM,CODE_REJ) values ('132','573438','120','115','007159423627',SYSDATE,'41','21','R','250','05009000028307713626','ASTRAL','1',SYSDATE+6,SYSDATE-10,'Tunis',2,2);
INSERT INTO "ECLIPSE"."DETAIL_EFFET" (NUM_SEQ_DET_EFF,NUM_CCPT_CCPT,COD_CCPT_STRC,COD_CCPT_PRD,NUM_EFF_EFF,DAT_OPE_EFF,COD_VAL_EFF,COD_ENRG_EFF,COD_ETAT_EFF,MNT_EFF_EFF,RIB_TIR_EFF,NOM_TIR_EFF,NUM_PRES_EFF,DAT_ECH_EFF,DAT_CRE_EFF,ADR_TIR_EFF,NUM_REM,CODE_REJ) values ('133','426774','120','115','007159423724',SYSDATE,'41','21','R','500','10404100115096678886','J.M.C JELLALI MOTORS COMPANY','1',SYSDATE+7,SYSDATE-10,'Sousse',3,3);
INSERT INTO "ECLIPSE"."DETAIL_EFFET" (NUM_SEQ_DET_EFF,NUM_CCPT_CCPT,COD_CCPT_STRC,COD_CCPT_PRD,NUM_EFF_EFF,DAT_OPE_EFF,COD_VAL_EFF,COD_ENRG_EFF,COD_ETAT_EFF,MNT_EFF_EFF,RIB_TIR_EFF,NOM_TIR_EFF,NUM_PRES_EFF,DAT_ECH_EFF,DAT_CRE_EFF,ADR_TIR_EFF,NUM_REM,CODE_REJ) values ('134','884510','145','115','007056779197',SYSDATE,'41','21','R','1000','01305044110300758331','TUNISIE MECANIQUE','1',SYSDATE+8,SYSDATE-10,'Sfax',4,4);
INSERT INTO "ECLIPSE"."DETAIL_EFFET" (NUM_SEQ_DET_EFF,NUM_CCPT_CCPT,COD_CCPT_STRC,COD_CCPT_PRD,NUM_EFF_EFF,DAT_OPE_EFF,COD_VAL_EFF,COD_ENRG_EFF,COD_ETAT_EFF,MNT_EFF_EFF,RIB_TIR_EFF,NOM_TIR_EFF,NUM_PRES_EFF,DAT_ECH_EFF,DAT_CRE_EFF,ADR_TIR_EFF,NUM_REM,CODE_REJ) values ('135','573438','120','115','007090053689',SYSDATE,'41','21','R','1500','17206000000210624717','MOHAMED WESLATI','1',SYSDATE+9,SYSDATE-10,'Gafsa',5,10);
INSERT INTO "ECLIPSE"."DETAIL_EFFET" (NUM_SEQ_DET_EFF,NUM_CCPT_CCPT,COD_CCPT_STRC,COD_CCPT_PRD,NUM_EFF_EFF,DAT_OPE_EFF,COD_VAL_EFF,COD_ENRG_EFF,COD_ETAT_EFF,MNT_EFF_EFF,RIB_TIR_EFF,NOM_TIR_EFF,NUM_PRES_EFF,DAT_ECH_EFF,DAT_CRE_EFF,ADR_TIR_EFF,NUM_REM,CODE_REJ) values ('136','426774','120','115','007117043745',SYSDATE,'41','21','R','50','08010011041000029680','COMAF','1',SYSDATE+10,SYSDATE-10,'Bizerte',1,1);
INSERT INTO "ECLIPSE"."DETAIL_EFFET" (NUM_SEQ_DET_EFF,NUM_CCPT_CCPT,COD_CCPT_STRC,COD_CCPT_PRD,NUM_EFF_EFF,DAT_OPE_EFF,COD_VAL_EFF,COD_ENRG_EFF,COD_ETAT_EFF,MNT_EFF_EFF,RIB_TIR_EFF,NOM_TIR_EFF,NUM_PRES_EFF,DAT_ECH_EFF,DAT_CRE_EFF,ADR_TIR_EFF,NUM_REM,CODE_REJ) values ('137','884510','145','115','006682339021',SYSDATE,'41','21','R','250','07503007310111050737','ULYSSE HYPER','1',SYSDATE+11,SYSDATE-10,'Tunis',2,2);
INSERT INTO "ECLIPSE"."DETAIL_EFFET" (NUM_SEQ_DET_EFF,NUM_CCPT_CCPT,COD_CCPT_STRC,COD_CCPT_PRD,NUM_EFF_EFF,DAT_OPE_EFF,COD_VAL_EFF,COD_ENRG_EFF,COD_ETAT_EFF,MNT_EFF_EFF,RIB_TIR_EFF,NOM_TIR_EFF,NUM_PRES_EFF,DAT_ECH_EFF,DAT_CRE_EFF,ADR_TIR_EFF,NUM_REM,CODE_REJ) values ('138','573438','120','115','006896461768',SYSDATE,'41','21','R','500','01700022110000246617','BEPPC','1',SYSDATE+12,SYSDATE-10,'Sousse',3,3);
INSERT INTO "ECLIPSE"."DETAIL_EFFET" (NUM_SEQ_DET_EFF,NUM_CCPT_CCPT,COD_CCPT_STRC,COD_CCPT_PRD,NUM_EFF_EFF,DAT_OPE_EFF,COD_VAL_EFF,COD_ENRG_EFF,COD_ETAT_EFF,MNT_EFF_EFF,RIB_TIR_EFF,NOM_TIR_EFF,NUM_PRES_EFF,DAT_ECH_EFF,DAT_CRE_EFF,ADR_TIR_EFF,NUM_REM,CODE_REJ) values ('139','426774','120','115','006896707081',SYSDATE,'41','21','R','1000','05207000077306743041','ERS ZAYENE','1',SYSDATE+13,SYSDATE-10,'Sfax',4,4);
INSERT INTO "ECLIPSE"."DETAIL_EFFET" (NUM_SEQ_DET_EFF,NUM_CCPT_CCPT,COD_CCPT_STRC,COD_CCPT_PRD,NUM_EFF_EFF,DAT_OPE_EFF,COD_VAL_EFF,COD_ENRG_EFF,COD_ETAT_EFF,MNT_EFF_EFF,RIB_TIR_EFF,NOM_TIR_EFF,NUM_PRES_EFF,DAT_ECH_EFF,DAT_CRE_EFF,ADR_TIR_EFF,NUM_REM) values ('140','884510','145','115','006999197184',SYSDATE,'41','21','V','1500','21000000404700750710','STE AMANI','1',SYSDATE+14,SYSDATE-10,'Gafsa',5);
INSERT INTO "ECLIPSE"."DETAIL_EFFET" (NUM_SEQ_DET_EFF,NUM_CCPT_CCPT,COD_CCPT_STRC,COD_CCPT_PRD,NUM_EFF_EFF,DAT_OPE_EFF,COD_VAL_EFF,COD_ENRG_EFF,COD_ETAT_EFF,MNT_EFF_EFF,RIB_TIR_EFF,NOM_TIR_EFF,NUM_PRES_EFF,DAT_ECH_EFF,DAT_CRE_EFF,ADR_TIR_EFF,NUM_REM) values ('141','884510','145','115','006672224929',SYSDATE,'41','21','V','50','08708000471000394219','QUINC ZITOUNI','1',SYSDATE+5,SYSDATE-10,'Bizerte',1);
INSERT INTO "ECLIPSE"."DETAIL_EFFET" (NUM_SEQ_DET_EFF,NUM_CCPT_CCPT,COD_CCPT_STRC,COD_CCPT_PRD,NUM_EFF_EFF,DAT_OPE_EFF,COD_VAL_EFF,COD_ENRG_EFF,COD_ETAT_EFF,MNT_EFF_EFF,RIB_TIR_EFF,NOM_TIR_EFF,NUM_PRES_EFF,DAT_ECH_EFF,DAT_CRE_EFF,ADR_TIR_EFF,NUM_REM) values ('142','573438','120','115','007159423628',SYSDATE,'41','21','V','250','05009000028307713626','ASTRAL','1',SYSDATE+6,SYSDATE-10,'Tunis',2);
INSERT INTO "ECLIPSE"."DETAIL_EFFET" (NUM_SEQ_DET_EFF,NUM_CCPT_CCPT,COD_CCPT_STRC,COD_CCPT_PRD,NUM_EFF_EFF,DAT_OPE_EFF,COD_VAL_EFF,COD_ENRG_EFF,COD_ETAT_EFF,MNT_EFF_EFF,RIB_TIR_EFF,NOM_TIR_EFF,NUM_PRES_EFF,DAT_ECH_EFF,DAT_CRE_EFF,ADR_TIR_EFF,NUM_REM) values ('143','426774','120','115','007159423725',SYSDATE,'41','21','V','500','10404100115096678886','J.M.C JELLALI MOTORS COMPANY','1',SYSDATE+7,SYSDATE-10,'Sousse',3);
INSERT INTO "ECLIPSE"."DETAIL_EFFET" (NUM_SEQ_DET_EFF,NUM_CCPT_CCPT,COD_CCPT_STRC,COD_CCPT_PRD,NUM_EFF_EFF,DAT_OPE_EFF,COD_VAL_EFF,COD_ENRG_EFF,COD_ETAT_EFF,MNT_EFF_EFF,RIB_TIR_EFF,NOM_TIR_EFF,NUM_PRES_EFF,DAT_ECH_EFF,DAT_CRE_EFF,ADR_TIR_EFF,NUM_REM) values ('144','884510','145','115','007056779198',SYSDATE,'41','21','V','1000','01305044110300758331','TUNISIE MECANIQUE','1',SYSDATE+8,SYSDATE-10,'Sfax',4);
INSERT INTO "ECLIPSE"."DETAIL_EFFET" (NUM_SEQ_DET_EFF,NUM_CCPT_CCPT,COD_CCPT_STRC,COD_CCPT_PRD,NUM_EFF_EFF,DAT_OPE_EFF,COD_VAL_EFF,COD_ENRG_EFF,COD_ETAT_EFF,MNT_EFF_EFF,RIB_TIR_EFF,NOM_TIR_EFF,NUM_PRES_EFF,DAT_ECH_EFF,DAT_CRE_EFF,ADR_TIR_EFF,NUM_REM) values ('145','573438','120','115','007090053690',SYSDATE,'41','21','V','1500','17206000000210624717','MOHAMED WESLATI','1',SYSDATE+9,SYSDATE-10,'Gafsa',5);
INSERT INTO "ECLIPSE"."DETAIL_EFFET" (NUM_SEQ_DET_EFF,NUM_CCPT_CCPT,COD_CCPT_STRC,COD_CCPT_PRD,NUM_EFF_EFF,DAT_OPE_EFF,COD_VAL_EFF,COD_ENRG_EFF,COD_ETAT_EFF,MNT_EFF_EFF,RIB_TIR_EFF,NOM_TIR_EFF,NUM_PRES_EFF,DAT_ECH_EFF,DAT_CRE_EFF,ADR_TIR_EFF,NUM_REM) values ('146','426774','120','115','007117043746',SYSDATE,'41','21','V','50','08010011041000029680','COMAF','1',SYSDATE+10,SYSDATE-10,'Bizerte',1);
INSERT INTO "ECLIPSE"."DETAIL_EFFET" (NUM_SEQ_DET_EFF,NUM_CCPT_CCPT,COD_CCPT_STRC,COD_CCPT_PRD,NUM_EFF_EFF,DAT_OPE_EFF,COD_VAL_EFF,COD_ENRG_EFF,COD_ETAT_EFF,MNT_EFF_EFF,RIB_TIR_EFF,NOM_TIR_EFF,NUM_PRES_EFF,DAT_ECH_EFF,DAT_CRE_EFF,ADR_TIR_EFF,NUM_REM) values ('147','884510','145','115','006682339022',SYSDATE,'41','21','V','250','07503007310111050737','ULYSSE HYPER','1',SYSDATE+11,SYSDATE-10,'Tunis',2);
INSERT INTO "ECLIPSE"."DETAIL_EFFET" (NUM_SEQ_DET_EFF,NUM_CCPT_CCPT,COD_CCPT_STRC,COD_CCPT_PRD,NUM_EFF_EFF,DAT_OPE_EFF,COD_VAL_EFF,COD_ENRG_EFF,COD_ETAT_EFF,MNT_EFF_EFF,RIB_TIR_EFF,NOM_TIR_EFF,NUM_PRES_EFF,DAT_ECH_EFF,DAT_CRE_EFF,ADR_TIR_EFF,NUM_REM) values ('148','573438','120','115','006896461769',SYSDATE,'41','21','V','500','01700022110000246617','BEPPC','1',SYSDATE+12,SYSDATE-10,'Sousse',3);
INSERT INTO "ECLIPSE"."DETAIL_EFFET" (NUM_SEQ_DET_EFF,NUM_CCPT_CCPT,COD_CCPT_STRC,COD_CCPT_PRD,NUM_EFF_EFF,DAT_OPE_EFF,COD_VAL_EFF,COD_ENRG_EFF,COD_ETAT_EFF,MNT_EFF_EFF,RIB_TIR_EFF,NOM_TIR_EFF,NUM_PRES_EFF,DAT_ECH_EFF,DAT_CRE_EFF,ADR_TIR_EFF,NUM_REM) values ('149','426774','120','115','006896707082',SYSDATE,'41','21','V','1000','05207000077306743041','ERS ZAYENE','1',SYSDATE+13,SYSDATE-10,'Sfax',4);
-- V/PED J-1 J-2 J-3 J-4
INSERT INTO "ECLIPSE"."DETAIL_EFFET" (NUM_SEQ_DET_EFF,NUM_CCPT_CCPT,COD_CCPT_STRC,COD_CCPT_PRD,NUM_EFF_EFF,DAT_OPE_EFF,COD_VAL_EFF,COD_ENRG_EFF,COD_ETAT_EFF,MNT_EFF_EFF,RIB_TIR_EFF,NOM_TIR_EFF,NUM_PRES_EFF,DAT_ECH_EFF,DAT_CRE_EFF,ADR_TIR_EFF,NUM_REM) values ('150','884510','145','115','006672224928',SYSDATE,'41','21','V','50','08708000471000394219','QUINC ZITOUNI','1',SYSDATE+15,SYSDATE-1,'Bizerte',1);
INSERT INTO "ECLIPSE"."DETAIL_EFFET" (NUM_SEQ_DET_EFF,NUM_CCPT_CCPT,COD_CCPT_STRC,COD_CCPT_PRD,NUM_EFF_EFF,DAT_OPE_EFF,COD_VAL_EFF,COD_ENRG_EFF,COD_ETAT_EFF,MNT_EFF_EFF,RIB_TIR_EFF,NOM_TIR_EFF,NUM_PRES_EFF,DAT_ECH_EFF,DAT_CRE_EFF,ADR_TIR_EFF,NUM_REM) values ('151','884510','145','115','006999197184',SYSDATE,'41','21','V','1500','21000000404700750710','STE AMANI','1',SYSDATE+15,SYSDATE-4,'Gafsa',5);
INSERT INTO "ECLIPSE"."DETAIL_EFFET" (NUM_SEQ_DET_EFF,NUM_CCPT_CCPT,COD_CCPT_STRC,COD_CCPT_PRD,NUM_EFF_EFF,DAT_OPE_EFF,COD_VAL_EFF,COD_ENRG_EFF,COD_ETAT_EFF,MNT_EFF_EFF,RIB_TIR_EFF,NOM_TIR_EFF,NUM_PRES_EFF,DAT_ECH_EFF,DAT_CRE_EFF,ADR_TIR_EFF,NUM_REM) values ('152','573438','120','115','007159423627',SYSDATE,'41','21','V','250','05009000028307713626','ASTRAL','1',SYSDATE+15,SYSDATE-1,'Tunis',2);
INSERT INTO "ECLIPSE"."DETAIL_EFFET" (NUM_SEQ_DET_EFF,NUM_CCPT_CCPT,COD_CCPT_STRC,COD_CCPT_PRD,NUM_EFF_EFF,DAT_OPE_EFF,COD_VAL_EFF,COD_ENRG_EFF,COD_ETAT_EFF,MNT_EFF_EFF,RIB_TIR_EFF,NOM_TIR_EFF,NUM_PRES_EFF,DAT_ECH_EFF,DAT_CRE_EFF,ADR_TIR_EFF,NUM_REM) values ('153','426774','120','115','007159423724',SYSDATE,'41','21','V','500','10404100115096678886','J.M.C JELLALI MOTORS COMPANY','1',SYSDATE+15,SYSDATE-1,'Sousse',3);
INSERT INTO "ECLIPSE"."DETAIL_EFFET" (NUM_SEQ_DET_EFF,NUM_CCPT_CCPT,COD_CCPT_STRC,COD_CCPT_PRD,NUM_EFF_EFF,DAT_OPE_EFF,COD_VAL_EFF,COD_ENRG_EFF,COD_ETAT_EFF,MNT_EFF_EFF,RIB_TIR_EFF,NOM_TIR_EFF,NUM_PRES_EFF,DAT_ECH_EFF,DAT_CRE_EFF,ADR_TIR_EFF,NUM_REM) values ('154','884510','145','115','007056779197',SYSDATE,'41','21','V','1000','01305044110300758331','TUNISIE MECANIQUE','1',SYSDATE+15,SYSDATE-1,'Sfax',4);
INSERT INTO "ECLIPSE"."DETAIL_EFFET" (NUM_SEQ_DET_EFF,NUM_CCPT_CCPT,COD_CCPT_STRC,COD_CCPT_PRD,NUM_EFF_EFF,DAT_OPE_EFF,COD_VAL_EFF,COD_ENRG_EFF,COD_ETAT_EFF,MNT_EFF_EFF,RIB_TIR_EFF,NOM_TIR_EFF,NUM_PRES_EFF,DAT_ECH_EFF,DAT_CRE_EFF,ADR_TIR_EFF,NUM_REM) values ('155','573438','120','115','007090053689',SYSDATE,'41','21','V','1500','17206000000210624717','MOHAMED WESLATI','1',SYSDATE+15,SYSDATE-1,'Gafsa',5);
INSERT INTO "ECLIPSE"."DETAIL_EFFET" (NUM_SEQ_DET_EFF,NUM_CCPT_CCPT,COD_CCPT_STRC,COD_CCPT_PRD,NUM_EFF_EFF,DAT_OPE_EFF,COD_VAL_EFF,COD_ENRG_EFF,COD_ETAT_EFF,MNT_EFF_EFF,RIB_TIR_EFF,NOM_TIR_EFF,NUM_PRES_EFF,DAT_ECH_EFF,DAT_CRE_EFF,ADR_TIR_EFF,NUM_REM) values ('156','426774','120','115','007117043745',SYSDATE,'41','21','V','50','08010011041000029680','COMAF','1',SYSDATE+15,SYSDATE-1,'Bizerte',1);
INSERT INTO "ECLIPSE"."DETAIL_EFFET" (NUM_SEQ_DET_EFF,NUM_CCPT_CCPT,COD_CCPT_STRC,COD_CCPT_PRD,NUM_EFF_EFF,DAT_OPE_EFF,COD_VAL_EFF,COD_ENRG_EFF,COD_ETAT_EFF,MNT_EFF_EFF,RIB_TIR_EFF,NOM_TIR_EFF,NUM_PRES_EFF,DAT_ECH_EFF,DAT_CRE_EFF,ADR_TIR_EFF,NUM_REM) values ('157','884510','145','115','006682339021',SYSDATE,'41','21','V','250','07503007310111050737','ULYSSE HYPER','1',SYSDATE+15,SYSDATE-1,'Tunis',2);
INSERT INTO "ECLIPSE"."DETAIL_EFFET" (NUM_SEQ_DET_EFF,NUM_CCPT_CCPT,COD_CCPT_STRC,COD_CCPT_PRD,NUM_EFF_EFF,DAT_OPE_EFF,COD_VAL_EFF,COD_ENRG_EFF,COD_ETAT_EFF,MNT_EFF_EFF,RIB_TIR_EFF,NOM_TIR_EFF,NUM_PRES_EFF,DAT_ECH_EFF,DAT_CRE_EFF,ADR_TIR_EFF,NUM_REM) values ('158','573438','120','115','006896461768',SYSDATE,'41','21','V','500','01700022110000246617','BEPPC','1',SYSDATE+15,SYSDATE-1,'Sousse',3);
INSERT INTO "ECLIPSE"."DETAIL_EFFET" (NUM_SEQ_DET_EFF,NUM_CCPT_CCPT,COD_CCPT_STRC,COD_CCPT_PRD,NUM_EFF_EFF,DAT_OPE_EFF,COD_VAL_EFF,COD_ENRG_EFF,COD_ETAT_EFF,MNT_EFF_EFF,RIB_TIR_EFF,NOM_TIR_EFF,NUM_PRES_EFF,DAT_ECH_EFF,DAT_CRE_EFF,ADR_TIR_EFF,NUM_REM) values ('159','426774','120','115','006896707081',SYSDATE,'41','21','V','1000','05207000077306743041','ERS ZAYENE','1',SYSDATE+15,SYSDATE-1,'Sfax',4);
INSERT INTO "ECLIPSE"."DETAIL_EFFET" (NUM_SEQ_DET_EFF,NUM_CCPT_CCPT,COD_CCPT_STRC,COD_CCPT_PRD,NUM_EFF_EFF,DAT_OPE_EFF,COD_VAL_EFF,COD_ENRG_EFF,COD_ETAT_EFF,MNT_EFF_EFF,RIB_TIR_EFF,NOM_TIR_EFF,NUM_PRES_EFF,DAT_ECH_EFF,DAT_CRE_EFF,ADR_TIR_EFF,NUM_REM) values ('160','884510','145','115','006999197184',SYSDATE,'41','21','V','1500','21000000404700750710','STE AMANI','1',SYSDATE+15,SYSDATE-1,'Gafsa',5);
INSERT INTO "ECLIPSE"."DETAIL_EFFET" (NUM_SEQ_DET_EFF,NUM_CCPT_CCPT,COD_CCPT_STRC,COD_CCPT_PRD,NUM_EFF_EFF,DAT_OPE_EFF,COD_VAL_EFF,COD_ENRG_EFF,COD_ETAT_EFF,MNT_EFF_EFF,RIB_TIR_EFF,NOM_TIR_EFF,NUM_PRES_EFF,DAT_ECH_EFF,DAT_CRE_EFF,ADR_TIR_EFF,NUM_REM) values ('161','884510','145','115','006672224928',SYSDATE,'41','21','V','50','08708000471000394219','QUINC ZITOUNI','1',SYSDATE+15,SYSDATE-2,'Bizerte',1);
INSERT INTO "ECLIPSE"."DETAIL_EFFET" (NUM_SEQ_DET_EFF,NUM_CCPT_CCPT,COD_CCPT_STRC,COD_CCPT_PRD,NUM_EFF_EFF,DAT_OPE_EFF,COD_VAL_EFF,COD_ENRG_EFF,COD_ETAT_EFF,MNT_EFF_EFF,RIB_TIR_EFF,NOM_TIR_EFF,NUM_PRES_EFF,DAT_ECH_EFF,DAT_CRE_EFF,ADR_TIR_EFF,NUM_REM) values ('162','573438','120','115','007159423627',SYSDATE,'41','21','V','250','05009000028307713626','ASTRAL','1',SYSDATE+15,SYSDATE-2,'Tunis',2);
INSERT INTO "ECLIPSE"."DETAIL_EFFET" (NUM_SEQ_DET_EFF,NUM_CCPT_CCPT,COD_CCPT_STRC,COD_CCPT_PRD,NUM_EFF_EFF,DAT_OPE_EFF,COD_VAL_EFF,COD_ENRG_EFF,COD_ETAT_EFF,MNT_EFF_EFF,RIB_TIR_EFF,NOM_TIR_EFF,NUM_PRES_EFF,DAT_ECH_EFF,DAT_CRE_EFF,ADR_TIR_EFF,NUM_REM) values ('163','426774','120','115','007159423724',SYSDATE,'41','21','V','500','10404100115096678886','J.M.C JELLALI MOTORS COMPANY','1',SYSDATE+15,SYSDATE-2,'Sousse',3);
INSERT INTO "ECLIPSE"."DETAIL_EFFET" (NUM_SEQ_DET_EFF,NUM_CCPT_CCPT,COD_CCPT_STRC,COD_CCPT_PRD,NUM_EFF_EFF,DAT_OPE_EFF,COD_VAL_EFF,COD_ENRG_EFF,COD_ETAT_EFF,MNT_EFF_EFF,RIB_TIR_EFF,NOM_TIR_EFF,NUM_PRES_EFF,DAT_ECH_EFF,DAT_CRE_EFF,ADR_TIR_EFF,NUM_REM) values ('164','884510','145','115','007056779197',SYSDATE,'41','21','V','1000','01305044110300758331','TUNISIE MECANIQUE','1',SYSDATE+15,SYSDATE-2,'Sfax',4);
INSERT INTO "ECLIPSE"."DETAIL_EFFET" (NUM_SEQ_DET_EFF,NUM_CCPT_CCPT,COD_CCPT_STRC,COD_CCPT_PRD,NUM_EFF_EFF,DAT_OPE_EFF,COD_VAL_EFF,COD_ENRG_EFF,COD_ETAT_EFF,MNT_EFF_EFF,RIB_TIR_EFF,NOM_TIR_EFF,NUM_PRES_EFF,DAT_ECH_EFF,DAT_CRE_EFF,ADR_TIR_EFF,NUM_REM) values ('165','573438','120','115','007090053689',SYSDATE,'41','21','V','1500','17206000000210624717','MOHAMED WESLATI','1',SYSDATE+15,SYSDATE-2,'Gafsa',5);
INSERT INTO "ECLIPSE"."DETAIL_EFFET" (NUM_SEQ_DET_EFF,NUM_CCPT_CCPT,COD_CCPT_STRC,COD_CCPT_PRD,NUM_EFF_EFF,DAT_OPE_EFF,COD_VAL_EFF,COD_ENRG_EFF,COD_ETAT_EFF,MNT_EFF_EFF,RIB_TIR_EFF,NOM_TIR_EFF,NUM_PRES_EFF,DAT_ECH_EFF,DAT_CRE_EFF,ADR_TIR_EFF,NUM_REM) values ('166','426774','120','115','007117043745',SYSDATE,'41','21','V','50','08010011041000029680','COMAF','1',SYSDATE+15,SYSDATE-2,'Bizerte',1);
INSERT INTO "ECLIPSE"."DETAIL_EFFET" (NUM_SEQ_DET_EFF,NUM_CCPT_CCPT,COD_CCPT_STRC,COD_CCPT_PRD,NUM_EFF_EFF,DAT_OPE_EFF,COD_VAL_EFF,COD_ENRG_EFF,COD_ETAT_EFF,MNT_EFF_EFF,RIB_TIR_EFF,NOM_TIR_EFF,NUM_PRES_EFF,DAT_ECH_EFF,DAT_CRE_EFF,ADR_TIR_EFF,NUM_REM) values ('167','884510','145','115','006682339021',SYSDATE,'41','21','V','250','07503007310111050737','ULYSSE HYPER','1',SYSDATE+15,SYSDATE-2,'Tunis',2);
INSERT INTO "ECLIPSE"."DETAIL_EFFET" (NUM_SEQ_DET_EFF,NUM_CCPT_CCPT,COD_CCPT_STRC,COD_CCPT_PRD,NUM_EFF_EFF,DAT_OPE_EFF,COD_VAL_EFF,COD_ENRG_EFF,COD_ETAT_EFF,MNT_EFF_EFF,RIB_TIR_EFF,NOM_TIR_EFF,NUM_PRES_EFF,DAT_ECH_EFF,DAT_CRE_EFF,ADR_TIR_EFF,NUM_REM) values ('168','573438','120','115','006896461768',SYSDATE,'41','21','V','500','01700022110000246617','BEPPC','1',SYSDATE+15,SYSDATE-2,'Sousse',3);
INSERT INTO "ECLIPSE"."DETAIL_EFFET" (NUM_SEQ_DET_EFF,NUM_CCPT_CCPT,COD_CCPT_STRC,COD_CCPT_PRD,NUM_EFF_EFF,DAT_OPE_EFF,COD_VAL_EFF,COD_ENRG_EFF,COD_ETAT_EFF,MNT_EFF_EFF,RIB_TIR_EFF,NOM_TIR_EFF,NUM_PRES_EFF,DAT_ECH_EFF,DAT_CRE_EFF,ADR_TIR_EFF,NUM_REM) values ('169','426774','120','115','006896707081',SYSDATE,'41','21','V','1000','05207000077306743041','ERS ZAYENE','1',SYSDATE+15,SYSDATE-2,'Sfax',4);
INSERT INTO "ECLIPSE"."DETAIL_EFFET" (NUM_SEQ_DET_EFF,NUM_CCPT_CCPT,COD_CCPT_STRC,COD_CCPT_PRD,NUM_EFF_EFF,DAT_OPE_EFF,COD_VAL_EFF,COD_ENRG_EFF,COD_ETAT_EFF,MNT_EFF_EFF,RIB_TIR_EFF,NOM_TIR_EFF,NUM_PRES_EFF,DAT_ECH_EFF,DAT_CRE_EFF,ADR_TIR_EFF,NUM_REM) values ('170','884510','145','115','006999197184',SYSDATE,'41','21','V','1500','21000000404700750710','STE AMANI','1',SYSDATE+15,SYSDATE-1,'Gafsa',5);
INSERT INTO "ECLIPSE"."DETAIL_EFFET" (NUM_SEQ_DET_EFF,NUM_CCPT_CCPT,COD_CCPT_STRC,COD_CCPT_PRD,NUM_EFF_EFF,DAT_OPE_EFF,COD_VAL_EFF,COD_ENRG_EFF,COD_ETAT_EFF,MNT_EFF_EFF,RIB_TIR_EFF,NOM_TIR_EFF,NUM_PRES_EFF,DAT_ECH_EFF,DAT_CRE_EFF,ADR_TIR_EFF,NUM_REM) values ('171','884510','145','115','006672224928',SYSDATE,'41','21','V','50','08708000471000394219','QUINC ZITOUNI','1',SYSDATE+15,SYSDATE-2,'Bizerte',1);
INSERT INTO "ECLIPSE"."DETAIL_EFFET" (NUM_SEQ_DET_EFF,NUM_CCPT_CCPT,COD_CCPT_STRC,COD_CCPT_PRD,NUM_EFF_EFF,DAT_OPE_EFF,COD_VAL_EFF,COD_ENRG_EFF,COD_ETAT_EFF,MNT_EFF_EFF,RIB_TIR_EFF,NOM_TIR_EFF,NUM_PRES_EFF,DAT_ECH_EFF,DAT_CRE_EFF,ADR_TIR_EFF,NUM_REM) values ('172','573438','120','115','007159423627',SYSDATE,'41','21','V','250','05009000028307713626','ASTRAL','1',SYSDATE+15,SYSDATE-2,'Tunis',2);
INSERT INTO "ECLIPSE"."DETAIL_EFFET" (NUM_SEQ_DET_EFF,NUM_CCPT_CCPT,COD_CCPT_STRC,COD_CCPT_PRD,NUM_EFF_EFF,DAT_OPE_EFF,COD_VAL_EFF,COD_ENRG_EFF,COD_ETAT_EFF,MNT_EFF_EFF,RIB_TIR_EFF,NOM_TIR_EFF,NUM_PRES_EFF,DAT_ECH_EFF,DAT_CRE_EFF,ADR_TIR_EFF,NUM_REM) values ('173','426774','120','115','007159423724',SYSDATE,'41','21','V','500','10404100115096678886','J.M.C JELLALI MOTORS COMPANY','1',SYSDATE+15,SYSDATE-2,'Sousse',3);
INSERT INTO "ECLIPSE"."DETAIL_EFFET" (NUM_SEQ_DET_EFF,NUM_CCPT_CCPT,COD_CCPT_STRC,COD_CCPT_PRD,NUM_EFF_EFF,DAT_OPE_EFF,COD_VAL_EFF,COD_ENRG_EFF,COD_ETAT_EFF,MNT_EFF_EFF,RIB_TIR_EFF,NOM_TIR_EFF,NUM_PRES_EFF,DAT_ECH_EFF,DAT_CRE_EFF,ADR_TIR_EFF,NUM_REM) values ('174','884510','145','115','007056779197',SYSDATE,'41','21','V','1000','01305044110300758331','TUNISIE MECANIQUE','1',SYSDATE+15,SYSDATE-2,'Sfax',4);
INSERT INTO "ECLIPSE"."DETAIL_EFFET" (NUM_SEQ_DET_EFF,NUM_CCPT_CCPT,COD_CCPT_STRC,COD_CCPT_PRD,NUM_EFF_EFF,DAT_OPE_EFF,COD_VAL_EFF,COD_ENRG_EFF,COD_ETAT_EFF,MNT_EFF_EFF,RIB_TIR_EFF,NOM_TIR_EFF,NUM_PRES_EFF,DAT_ECH_EFF,DAT_CRE_EFF,ADR_TIR_EFF,NUM_REM) values ('175','573438','120','115','007090053689',SYSDATE,'41','21','V','1500','17206000000210624717','MOHAMED WESLATI','1',SYSDATE+15,SYSDATE-2,'Gafsa',5);
INSERT INTO "ECLIPSE"."DETAIL_EFFET" (NUM_SEQ_DET_EFF,NUM_CCPT_CCPT,COD_CCPT_STRC,COD_CCPT_PRD,NUM_EFF_EFF,DAT_OPE_EFF,COD_VAL_EFF,COD_ENRG_EFF,COD_ETAT_EFF,MNT_EFF_EFF,RIB_TIR_EFF,NOM_TIR_EFF,NUM_PRES_EFF,DAT_ECH_EFF,DAT_CRE_EFF,ADR_TIR_EFF,NUM_REM) values ('176','426774','120','115','007117043745',SYSDATE,'41','21','V','50','08010011041000029680','COMAF','1',SYSDATE+15,SYSDATE-2,'Bizerte',1);
INSERT INTO "ECLIPSE"."DETAIL_EFFET" (NUM_SEQ_DET_EFF,NUM_CCPT_CCPT,COD_CCPT_STRC,COD_CCPT_PRD,NUM_EFF_EFF,DAT_OPE_EFF,COD_VAL_EFF,COD_ENRG_EFF,COD_ETAT_EFF,MNT_EFF_EFF,RIB_TIR_EFF,NOM_TIR_EFF,NUM_PRES_EFF,DAT_ECH_EFF,DAT_CRE_EFF,ADR_TIR_EFF,NUM_REM) values ('177','884510','145','115','006682339021',SYSDATE,'41','21','V','250','07503007310111050737','ULYSSE HYPER','1',SYSDATE+15,SYSDATE-2,'Tunis',2);
INSERT INTO "ECLIPSE"."DETAIL_EFFET" (NUM_SEQ_DET_EFF,NUM_CCPT_CCPT,COD_CCPT_STRC,COD_CCPT_PRD,NUM_EFF_EFF,DAT_OPE_EFF,COD_VAL_EFF,COD_ENRG_EFF,COD_ETAT_EFF,MNT_EFF_EFF,RIB_TIR_EFF,NOM_TIR_EFF,NUM_PRES_EFF,DAT_ECH_EFF,DAT_CRE_EFF,ADR_TIR_EFF,NUM_REM) values ('178','573438','120','115','006896461768',SYSDATE,'41','21','V','500','01700022110000246617','BEPPC','1',SYSDATE+15,SYSDATE-2,'Sousse',3);
INSERT INTO "ECLIPSE"."DETAIL_EFFET" (NUM_SEQ_DET_EFF,NUM_CCPT_CCPT,COD_CCPT_STRC,COD_CCPT_PRD,NUM_EFF_EFF,DAT_OPE_EFF,COD_VAL_EFF,COD_ENRG_EFF,COD_ETAT_EFF,MNT_EFF_EFF,RIB_TIR_EFF,NOM_TIR_EFF,NUM_PRES_EFF,DAT_ECH_EFF,DAT_CRE_EFF,ADR_TIR_EFF,NUM_REM) values ('179','426774','120','115','006896707081',SYSDATE,'41','21','V','1000','05207000077306743041','ERS ZAYENE','1',SYSDATE+15,SYSDATE-2,'Sfax',4);
INSERT INTO "ECLIPSE"."DETAIL_EFFET" (NUM_SEQ_DET_EFF,NUM_CCPT_CCPT,COD_CCPT_STRC,COD_CCPT_PRD,NUM_EFF_EFF,DAT_OPE_EFF,COD_VAL_EFF,COD_ENRG_EFF,COD_ETAT_EFF,MNT_EFF_EFF,RIB_TIR_EFF,NOM_TIR_EFF,NUM_PRES_EFF,DAT_ECH_EFF,DAT_CRE_EFF,ADR_TIR_EFF,NUM_REM) values ('180','884510','145','115','006999197184',SYSDATE,'41','21','V','1500','21000000404700750710','STE AMANI','1',SYSDATE+15,SYSDATE-2,'Gafsa',5);
INSERT INTO "ECLIPSE"."DETAIL_EFFET" (NUM_SEQ_DET_EFF,NUM_CCPT_CCPT,COD_CCPT_STRC,COD_CCPT_PRD,NUM_EFF_EFF,DAT_OPE_EFF,COD_VAL_EFF,COD_ENRG_EFF,COD_ETAT_EFF,MNT_EFF_EFF,RIB_TIR_EFF,NOM_TIR_EFF,NUM_PRES_EFF,DAT_ECH_EFF,DAT_CRE_EFF,ADR_TIR_EFF,NUM_REM) values ('181','884510','145','115','006672224928',SYSDATE,'41','21','V','50','08708000471000394219','QUINC ZITOUNI','1',SYSDATE+15,SYSDATE-3,'Bizerte',1);
INSERT INTO "ECLIPSE"."DETAIL_EFFET" (NUM_SEQ_DET_EFF,NUM_CCPT_CCPT,COD_CCPT_STRC,COD_CCPT_PRD,NUM_EFF_EFF,DAT_OPE_EFF,COD_VAL_EFF,COD_ENRG_EFF,COD_ETAT_EFF,MNT_EFF_EFF,RIB_TIR_EFF,NOM_TIR_EFF,NUM_PRES_EFF,DAT_ECH_EFF,DAT_CRE_EFF,ADR_TIR_EFF,NUM_REM) values ('182','573438','120','115','007159423627',SYSDATE,'41','21','V','250','05009000028307713626','ASTRAL','1',SYSDATE+15,SYSDATE-3,'Tunis',2);
INSERT INTO "ECLIPSE"."DETAIL_EFFET" (NUM_SEQ_DET_EFF,NUM_CCPT_CCPT,COD_CCPT_STRC,COD_CCPT_PRD,NUM_EFF_EFF,DAT_OPE_EFF,COD_VAL_EFF,COD_ENRG_EFF,COD_ETAT_EFF,MNT_EFF_EFF,RIB_TIR_EFF,NOM_TIR_EFF,NUM_PRES_EFF,DAT_ECH_EFF,DAT_CRE_EFF,ADR_TIR_EFF,NUM_REM) values ('183','426774','120','115','007159423724',SYSDATE,'41','21','V','500','10404100115096678886','J.M.C JELLALI MOTORS COMPANY','1',SYSDATE+15,SYSDATE-3,'Sousse',3);
INSERT INTO "ECLIPSE"."DETAIL_EFFET" (NUM_SEQ_DET_EFF,NUM_CCPT_CCPT,COD_CCPT_STRC,COD_CCPT_PRD,NUM_EFF_EFF,DAT_OPE_EFF,COD_VAL_EFF,COD_ENRG_EFF,COD_ETAT_EFF,MNT_EFF_EFF,RIB_TIR_EFF,NOM_TIR_EFF,NUM_PRES_EFF,DAT_ECH_EFF,DAT_CRE_EFF,ADR_TIR_EFF,NUM_REM) values ('184','884510','145','115','007056779197',SYSDATE,'41','21','V','1000','01305044110300758331','TUNISIE MECANIQUE','1',SYSDATE+15,SYSDATE-3,'Sfax',4);
INSERT INTO "ECLIPSE"."DETAIL_EFFET" (NUM_SEQ_DET_EFF,NUM_CCPT_CCPT,COD_CCPT_STRC,COD_CCPT_PRD,NUM_EFF_EFF,DAT_OPE_EFF,COD_VAL_EFF,COD_ENRG_EFF,COD_ETAT_EFF,MNT_EFF_EFF,RIB_TIR_EFF,NOM_TIR_EFF,NUM_PRES_EFF,DAT_ECH_EFF,DAT_CRE_EFF,ADR_TIR_EFF,NUM_REM) values ('185','573438','120','115','007090053689',SYSDATE,'41','21','V','1500','17206000000210624717','MOHAMED WESLATI','1',SYSDATE+15,SYSDATE-3,'Gafsa',5);
INSERT INTO "ECLIPSE"."DETAIL_EFFET" (NUM_SEQ_DET_EFF,NUM_CCPT_CCPT,COD_CCPT_STRC,COD_CCPT_PRD,NUM_EFF_EFF,DAT_OPE_EFF,COD_VAL_EFF,COD_ENRG_EFF,COD_ETAT_EFF,MNT_EFF_EFF,RIB_TIR_EFF,NOM_TIR_EFF,NUM_PRES_EFF,DAT_ECH_EFF,DAT_CRE_EFF,ADR_TIR_EFF,NUM_REM) values ('186','426774','120','115','007117043745',SYSDATE,'41','21','V','50','08010011041000029680','COMAF','1',SYSDATE+15,SYSDATE-3,'Bizerte',1);
INSERT INTO "ECLIPSE"."DETAIL_EFFET" (NUM_SEQ_DET_EFF,NUM_CCPT_CCPT,COD_CCPT_STRC,COD_CCPT_PRD,NUM_EFF_EFF,DAT_OPE_EFF,COD_VAL_EFF,COD_ENRG_EFF,COD_ETAT_EFF,MNT_EFF_EFF,RIB_TIR_EFF,NOM_TIR_EFF,NUM_PRES_EFF,DAT_ECH_EFF,DAT_CRE_EFF,ADR_TIR_EFF,NUM_REM) values ('187','884510','145','115','006682339021',SYSDATE,'41','21','V','250','07503007310111050737','ULYSSE HYPER','1',SYSDATE+15,SYSDATE-3,'Tunis',2);
INSERT INTO "ECLIPSE"."DETAIL_EFFET" (NUM_SEQ_DET_EFF,NUM_CCPT_CCPT,COD_CCPT_STRC,COD_CCPT_PRD,NUM_EFF_EFF,DAT_OPE_EFF,COD_VAL_EFF,COD_ENRG_EFF,COD_ETAT_EFF,MNT_EFF_EFF,RIB_TIR_EFF,NOM_TIR_EFF,NUM_PRES_EFF,DAT_ECH_EFF,DAT_CRE_EFF,ADR_TIR_EFF,NUM_REM) values ('188','573438','120','115','006896461768',SYSDATE,'41','21','V','500','01700022110000246617','BEPPC','1',SYSDATE+15,SYSDATE-3,'Sousse',3);
INSERT INTO "ECLIPSE"."DETAIL_EFFET" (NUM_SEQ_DET_EFF,NUM_CCPT_CCPT,COD_CCPT_STRC,COD_CCPT_PRD,NUM_EFF_EFF,DAT_OPE_EFF,COD_VAL_EFF,COD_ENRG_EFF,COD_ETAT_EFF,MNT_EFF_EFF,RIB_TIR_EFF,NOM_TIR_EFF,NUM_PRES_EFF,DAT_ECH_EFF,DAT_CRE_EFF,ADR_TIR_EFF,NUM_REM) values ('189','426774','120','115','006896707081',SYSDATE,'41','21','V','1000','05207000077306743041','ERS ZAYENE','1',SYSDATE+15,SYSDATE-3,'Sfax',4);
INSERT INTO "ECLIPSE"."DETAIL_EFFET" (NUM_SEQ_DET_EFF,NUM_CCPT_CCPT,COD_CCPT_STRC,COD_CCPT_PRD,NUM_EFF_EFF,DAT_OPE_EFF,COD_VAL_EFF,COD_ENRG_EFF,COD_ETAT_EFF,MNT_EFF_EFF,RIB_TIR_EFF,NOM_TIR_EFF,NUM_PRES_EFF,DAT_ECH_EFF,DAT_CRE_EFF,ADR_TIR_EFF,NUM_REM) values ('190','884510','145','115','006999197184',SYSDATE,'41','21','V','1500','21000000404700750710','STE AMANI','1',SYSDATE+15,SYSDATE-3,'Gafsa',5);
INSERT INTO "ECLIPSE"."DETAIL_EFFET" (NUM_SEQ_DET_EFF,NUM_CCPT_CCPT,COD_CCPT_STRC,COD_CCPT_PRD,NUM_EFF_EFF,DAT_OPE_EFF,COD_VAL_EFF,COD_ENRG_EFF,COD_ETAT_EFF,MNT_EFF_EFF,RIB_TIR_EFF,NOM_TIR_EFF,NUM_PRES_EFF,DAT_ECH_EFF,DAT_CRE_EFF,ADR_TIR_EFF,NUM_REM) values ('191','884510','145','115','006672224928',SYSDATE,'41','21','V','50','08708000471000394219','QUINC ZITOUNI','1',SYSDATE+15,SYSDATE-4,'Bizerte',1);
INSERT INTO "ECLIPSE"."DETAIL_EFFET" (NUM_SEQ_DET_EFF,NUM_CCPT_CCPT,COD_CCPT_STRC,COD_CCPT_PRD,NUM_EFF_EFF,DAT_OPE_EFF,COD_VAL_EFF,COD_ENRG_EFF,COD_ETAT_EFF,MNT_EFF_EFF,RIB_TIR_EFF,NOM_TIR_EFF,NUM_PRES_EFF,DAT_ECH_EFF,DAT_CRE_EFF,ADR_TIR_EFF,NUM_REM) values ('192','573438','120','115','007159423627',SYSDATE,'41','21','V','250','05009000028307713626','ASTRAL','1',SYSDATE+15,SYSDATE-4,'Tunis',2);
INSERT INTO "ECLIPSE"."DETAIL_EFFET" (NUM_SEQ_DET_EFF,NUM_CCPT_CCPT,COD_CCPT_STRC,COD_CCPT_PRD,NUM_EFF_EFF,DAT_OPE_EFF,COD_VAL_EFF,COD_ENRG_EFF,COD_ETAT_EFF,MNT_EFF_EFF,RIB_TIR_EFF,NOM_TIR_EFF,NUM_PRES_EFF,DAT_ECH_EFF,DAT_CRE_EFF,ADR_TIR_EFF,NUM_REM) values ('193','426774','120','115','007159423724',SYSDATE,'41','21','V','500','10404100115096678886','J.M.C JELLALI MOTORS COMPANY','1',SYSDATE+15,SYSDATE-4,'Sousse',3);
INSERT INTO "ECLIPSE"."DETAIL_EFFET" (NUM_SEQ_DET_EFF,NUM_CCPT_CCPT,COD_CCPT_STRC,COD_CCPT_PRD,NUM_EFF_EFF,DAT_OPE_EFF,COD_VAL_EFF,COD_ENRG_EFF,COD_ETAT_EFF,MNT_EFF_EFF,RIB_TIR_EFF,NOM_TIR_EFF,NUM_PRES_EFF,DAT_ECH_EFF,DAT_CRE_EFF,ADR_TIR_EFF,NUM_REM) values ('194','884510','145','115','007056779197',SYSDATE,'41','21','V','1000','01305044110300758331','TUNISIE MECANIQUE','1',SYSDATE+15,SYSDATE-4,'Sfax',4);
INSERT INTO "ECLIPSE"."DETAIL_EFFET" (NUM_SEQ_DET_EFF,NUM_CCPT_CCPT,COD_CCPT_STRC,COD_CCPT_PRD,NUM_EFF_EFF,DAT_OPE_EFF,COD_VAL_EFF,COD_ENRG_EFF,COD_ETAT_EFF,MNT_EFF_EFF,RIB_TIR_EFF,NOM_TIR_EFF,NUM_PRES_EFF,DAT_ECH_EFF,DAT_CRE_EFF,ADR_TIR_EFF,NUM_REM) values ('195','573438','120','115','007090053689',SYSDATE,'41','21','V','1500','17206000000210624717','MOHAMED WESLATI','1',SYSDATE+15,SYSDATE-4,'Gafsa',5);
INSERT INTO "ECLIPSE"."DETAIL_EFFET" (NUM_SEQ_DET_EFF,NUM_CCPT_CCPT,COD_CCPT_STRC,COD_CCPT_PRD,NUM_EFF_EFF,DAT_OPE_EFF,COD_VAL_EFF,COD_ENRG_EFF,COD_ETAT_EFF,MNT_EFF_EFF,RIB_TIR_EFF,NOM_TIR_EFF,NUM_PRES_EFF,DAT_ECH_EFF,DAT_CRE_EFF,ADR_TIR_EFF,NUM_REM) values ('196','426774','120','115','007117043745',SYSDATE,'41','21','V','50','08010011041000029680','COMAF','1',SYSDATE+15,SYSDATE-4,'Bizerte',1);
INSERT INTO "ECLIPSE"."DETAIL_EFFET" (NUM_SEQ_DET_EFF,NUM_CCPT_CCPT,COD_CCPT_STRC,COD_CCPT_PRD,NUM_EFF_EFF,DAT_OPE_EFF,COD_VAL_EFF,COD_ENRG_EFF,COD_ETAT_EFF,MNT_EFF_EFF,RIB_TIR_EFF,NOM_TIR_EFF,NUM_PRES_EFF,DAT_ECH_EFF,DAT_CRE_EFF,ADR_TIR_EFF,NUM_REM) values ('197','884510','145','115','006682339021',SYSDATE,'41','21','V','250','07503007310111050737','ULYSSE HYPER','1',SYSDATE+15,SYSDATE-4,'Tunis',2);
INSERT INTO "ECLIPSE"."DETAIL_EFFET" (NUM_SEQ_DET_EFF,NUM_CCPT_CCPT,COD_CCPT_STRC,COD_CCPT_PRD,NUM_EFF_EFF,DAT_OPE_EFF,COD_VAL_EFF,COD_ENRG_EFF,COD_ETAT_EFF,MNT_EFF_EFF,RIB_TIR_EFF,NOM_TIR_EFF,NUM_PRES_EFF,DAT_ECH_EFF,DAT_CRE_EFF,ADR_TIR_EFF,NUM_REM) values ('198','573438','120','115','006896461768',SYSDATE,'41','21','V','500','01700022110000246617','BEPPC','1',SYSDATE+15,SYSDATE-4,'Sousse',3);
INSERT INTO "ECLIPSE"."DETAIL_EFFET" (NUM_SEQ_DET_EFF,NUM_CCPT_CCPT,COD_CCPT_STRC,COD_CCPT_PRD,NUM_EFF_EFF,DAT_OPE_EFF,COD_VAL_EFF,COD_ENRG_EFF,COD_ETAT_EFF,MNT_EFF_EFF,RIB_TIR_EFF,NOM_TIR_EFF,NUM_PRES_EFF,DAT_ECH_EFF,DAT_CRE_EFF,ADR_TIR_EFF,NUM_REM) values ('199','426774','120','115','006896707081',SYSDATE,'41','21','V','1000','05207000077306743041','ERS ZAYENE','1',SYSDATE+15,SYSDATE-4,'Sfax',4);
INSERT INTO "ECLIPSE"."DETAIL_EFFET" (NUM_SEQ_DET_EFF,NUM_CCPT_CCPT,COD_CCPT_STRC,COD_CCPT_PRD,NUM_EFF_EFF,DAT_OPE_EFF,COD_VAL_EFF,COD_ENRG_EFF,COD_ETAT_EFF,MNT_EFF_EFF,RIB_TIR_EFF,NOM_TIR_EFF,NUM_PRES_EFF,DAT_ECH_EFF,DAT_CRE_EFF,ADR_TIR_EFF,NUM_REM) values ('200','884510','145','115','006672224928',SYSDATE,'41','21','P','50','08708000471000394219','QUINC ZITOUNI','1',SYSDATE+15,SYSDATE-1,'Bizerte',1);
INSERT INTO "ECLIPSE"."DETAIL_EFFET" (NUM_SEQ_DET_EFF,NUM_CCPT_CCPT,COD_CCPT_STRC,COD_CCPT_PRD,NUM_EFF_EFF,DAT_OPE_EFF,COD_VAL_EFF,COD_ENRG_EFF,COD_ETAT_EFF,MNT_EFF_EFF,RIB_TIR_EFF,NOM_TIR_EFF,NUM_PRES_EFF,DAT_ECH_EFF,DAT_CRE_EFF,ADR_TIR_EFF,NUM_REM) values ('201','884510','145','115','006999197184',SYSDATE,'41','21','P','1500','21000000404700750710','STE AMANI','1',SYSDATE+15,SYSDATE-4,'Gafsa',5);
INSERT INTO "ECLIPSE"."DETAIL_EFFET" (NUM_SEQ_DET_EFF,NUM_CCPT_CCPT,COD_CCPT_STRC,COD_CCPT_PRD,NUM_EFF_EFF,DAT_OPE_EFF,COD_VAL_EFF,COD_ENRG_EFF,COD_ETAT_EFF,MNT_EFF_EFF,RIB_TIR_EFF,NOM_TIR_EFF,NUM_PRES_EFF,DAT_ECH_EFF,DAT_CRE_EFF,ADR_TIR_EFF,NUM_REM) values ('202','573438','120','115','007159423627',SYSDATE,'41','21','P','250','05009000028307713626','ASTRAL','1',SYSDATE+15,SYSDATE-1,'Tunis',2);
INSERT INTO "ECLIPSE"."DETAIL_EFFET" (NUM_SEQ_DET_EFF,NUM_CCPT_CCPT,COD_CCPT_STRC,COD_CCPT_PRD,NUM_EFF_EFF,DAT_OPE_EFF,COD_VAL_EFF,COD_ENRG_EFF,COD_ETAT_EFF,MNT_EFF_EFF,RIB_TIR_EFF,NOM_TIR_EFF,NUM_PRES_EFF,DAT_ECH_EFF,DAT_CRE_EFF,ADR_TIR_EFF,NUM_REM) values ('203','426774','120','115','007159423724',SYSDATE,'41','21','P','500','10404100115096678886','J.M.C JELLALI MOTORS COMPANY','1',SYSDATE+15,SYSDATE-1,'Sousse',3);
INSERT INTO "ECLIPSE"."DETAIL_EFFET" (NUM_SEQ_DET_EFF,NUM_CCPT_CCPT,COD_CCPT_STRC,COD_CCPT_PRD,NUM_EFF_EFF,DAT_OPE_EFF,COD_VAL_EFF,COD_ENRG_EFF,COD_ETAT_EFF,MNT_EFF_EFF,RIB_TIR_EFF,NOM_TIR_EFF,NUM_PRES_EFF,DAT_ECH_EFF,DAT_CRE_EFF,ADR_TIR_EFF,NUM_REM) values ('204','884510','145','115','007056779197',SYSDATE,'41','21','P','1000','01305044110300758331','TUNISIE MECANIQUE','1',SYSDATE+15,SYSDATE-1,'Sfax',4);
INSERT INTO "ECLIPSE"."DETAIL_EFFET" (NUM_SEQ_DET_EFF,NUM_CCPT_CCPT,COD_CCPT_STRC,COD_CCPT_PRD,NUM_EFF_EFF,DAT_OPE_EFF,COD_VAL_EFF,COD_ENRG_EFF,COD_ETAT_EFF,MNT_EFF_EFF,RIB_TIR_EFF,NOM_TIR_EFF,NUM_PRES_EFF,DAT_ECH_EFF,DAT_CRE_EFF,ADR_TIR_EFF,NUM_REM) values ('205','573438','120','115','007090053689',SYSDATE,'41','21','P','1500','17206000000210624717','MOHAMED WESLATI','1',SYSDATE+15,SYSDATE-1,'Gafsa',5);
INSERT INTO "ECLIPSE"."DETAIL_EFFET" (NUM_SEQ_DET_EFF,NUM_CCPT_CCPT,COD_CCPT_STRC,COD_CCPT_PRD,NUM_EFF_EFF,DAT_OPE_EFF,COD_VAL_EFF,COD_ENRG_EFF,COD_ETAT_EFF,MNT_EFF_EFF,RIB_TIR_EFF,NOM_TIR_EFF,NUM_PRES_EFF,DAT_ECH_EFF,DAT_CRE_EFF,ADR_TIR_EFF,NUM_REM) values ('206','426774','120','115','007117043745',SYSDATE,'41','21','P','50','08010011041000029680','COMAF','1',SYSDATE+15,SYSDATE-1,'Bizerte',1);
INSERT INTO "ECLIPSE"."DETAIL_EFFET" (NUM_SEQ_DET_EFF,NUM_CCPT_CCPT,COD_CCPT_STRC,COD_CCPT_PRD,NUM_EFF_EFF,DAT_OPE_EFF,COD_VAL_EFF,COD_ENRG_EFF,COD_ETAT_EFF,MNT_EFF_EFF,RIB_TIR_EFF,NOM_TIR_EFF,NUM_PRES_EFF,DAT_ECH_EFF,DAT_CRE_EFF,ADR_TIR_EFF,NUM_REM) values ('207','884510','145','115','006682339021',SYSDATE,'41','21','P','250','07503007310111050737','ULYSSE HYPER','1',SYSDATE+15,SYSDATE-1,'Tunis',2);
INSERT INTO "ECLIPSE"."DETAIL_EFFET" (NUM_SEQ_DET_EFF,NUM_CCPT_CCPT,COD_CCPT_STRC,COD_CCPT_PRD,NUM_EFF_EFF,DAT_OPE_EFF,COD_VAL_EFF,COD_ENRG_EFF,COD_ETAT_EFF,MNT_EFF_EFF,RIB_TIR_EFF,NOM_TIR_EFF,NUM_PRES_EFF,DAT_ECH_EFF,DAT_CRE_EFF,ADR_TIR_EFF,NUM_REM) values ('208','573438','120','115','006896461768',SYSDATE,'41','21','P','500','01700022110000246617','BEPPC','1',SYSDATE+15,SYSDATE-1,'Sousse',3);
INSERT INTO "ECLIPSE"."DETAIL_EFFET" (NUM_SEQ_DET_EFF,NUM_CCPT_CCPT,COD_CCPT_STRC,COD_CCPT_PRD,NUM_EFF_EFF,DAT_OPE_EFF,COD_VAL_EFF,COD_ENRG_EFF,COD_ETAT_EFF,MNT_EFF_EFF,RIB_TIR_EFF,NOM_TIR_EFF,NUM_PRES_EFF,DAT_ECH_EFF,DAT_CRE_EFF,ADR_TIR_EFF,NUM_REM) values ('209','426774','120','115','006896707081',SYSDATE,'41','21','E','1000','05207000077306743041','ERS ZAYENE','1',SYSDATE+15,SYSDATE-1,'Sfax',4);
INSERT INTO "ECLIPSE"."DETAIL_EFFET" (NUM_SEQ_DET_EFF,NUM_CCPT_CCPT,COD_CCPT_STRC,COD_CCPT_PRD,NUM_EFF_EFF,DAT_OPE_EFF,COD_VAL_EFF,COD_ENRG_EFF,COD_ETAT_EFF,MNT_EFF_EFF,RIB_TIR_EFF,NOM_TIR_EFF,NUM_PRES_EFF,DAT_ECH_EFF,DAT_CRE_EFF,ADR_TIR_EFF,NUM_REM) values ('210','884510','145','115','006999197184',SYSDATE,'41','21','E','1500','21000000404700750710','STE AMANI','1',SYSDATE+15,SYSDATE-1,'Gafsa',5);
INSERT INTO "ECLIPSE"."DETAIL_EFFET" (NUM_SEQ_DET_EFF,NUM_CCPT_CCPT,COD_CCPT_STRC,COD_CCPT_PRD,NUM_EFF_EFF,DAT_OPE_EFF,COD_VAL_EFF,COD_ENRG_EFF,COD_ETAT_EFF,MNT_EFF_EFF,RIB_TIR_EFF,NOM_TIR_EFF,NUM_PRES_EFF,DAT_ECH_EFF,DAT_CRE_EFF,ADR_TIR_EFF,NUM_REM) values ('211','884510','145','115','006672224928',SYSDATE,'41','21','E','50','08708000471000394219','QUINC ZITOUNI','1',SYSDATE+15,SYSDATE-2,'Bizerte',1);
INSERT INTO "ECLIPSE"."DETAIL_EFFET" (NUM_SEQ_DET_EFF,NUM_CCPT_CCPT,COD_CCPT_STRC,COD_CCPT_PRD,NUM_EFF_EFF,DAT_OPE_EFF,COD_VAL_EFF,COD_ENRG_EFF,COD_ETAT_EFF,MNT_EFF_EFF,RIB_TIR_EFF,NOM_TIR_EFF,NUM_PRES_EFF,DAT_ECH_EFF,DAT_CRE_EFF,ADR_TIR_EFF,NUM_REM) values ('212','573438','120','115','007159423627',SYSDATE,'41','21','E','250','05009000028307713626','ASTRAL','1',SYSDATE+15,SYSDATE-2,'Tunis',2);
INSERT INTO "ECLIPSE"."DETAIL_EFFET" (NUM_SEQ_DET_EFF,NUM_CCPT_CCPT,COD_CCPT_STRC,COD_CCPT_PRD,NUM_EFF_EFF,DAT_OPE_EFF,COD_VAL_EFF,COD_ENRG_EFF,COD_ETAT_EFF,MNT_EFF_EFF,RIB_TIR_EFF,NOM_TIR_EFF,NUM_PRES_EFF,DAT_ECH_EFF,DAT_CRE_EFF,ADR_TIR_EFF,NUM_REM) values ('213','426774','120','115','007159423724',SYSDATE,'41','21','E','500','10404100115096678886','J.M.C JELLALI MOTORS COMPANY','1',SYSDATE+15,SYSDATE-2,'Sousse',3);
INSERT INTO "ECLIPSE"."DETAIL_EFFET" (NUM_SEQ_DET_EFF,NUM_CCPT_CCPT,COD_CCPT_STRC,COD_CCPT_PRD,NUM_EFF_EFF,DAT_OPE_EFF,COD_VAL_EFF,COD_ENRG_EFF,COD_ETAT_EFF,MNT_EFF_EFF,RIB_TIR_EFF,NOM_TIR_EFF,NUM_PRES_EFF,DAT_ECH_EFF,DAT_CRE_EFF,ADR_TIR_EFF,NUM_REM) values ('214','884510','145','115','007056779197',SYSDATE,'41','21','E','1000','01305044110300758331','TUNISIE MECANIQUE','1',SYSDATE+15,SYSDATE-2,'Sfax',4);
INSERT INTO "ECLIPSE"."DETAIL_EFFET" (NUM_SEQ_DET_EFF,NUM_CCPT_CCPT,COD_CCPT_STRC,COD_CCPT_PRD,NUM_EFF_EFF,DAT_OPE_EFF,COD_VAL_EFF,COD_ENRG_EFF,COD_ETAT_EFF,MNT_EFF_EFF,RIB_TIR_EFF,NOM_TIR_EFF,NUM_PRES_EFF,DAT_ECH_EFF,DAT_CRE_EFF,ADR_TIR_EFF,NUM_REM) values ('215','573438','120','115','007090053689',SYSDATE,'41','21','E','1500','17206000000210624717','MOHAMED WESLATI','1',SYSDATE+15,SYSDATE-2,'Gafsa',5);
INSERT INTO "ECLIPSE"."DETAIL_EFFET" (NUM_SEQ_DET_EFF,NUM_CCPT_CCPT,COD_CCPT_STRC,COD_CCPT_PRD,NUM_EFF_EFF,DAT_OPE_EFF,COD_VAL_EFF,COD_ENRG_EFF,COD_ETAT_EFF,MNT_EFF_EFF,RIB_TIR_EFF,NOM_TIR_EFF,NUM_PRES_EFF,DAT_ECH_EFF,DAT_CRE_EFF,ADR_TIR_EFF,NUM_REM) values ('216','426774','120','115','007117043745',SYSDATE,'41','21','E','50','08010011041000029680','COMAF','1',SYSDATE+15,SYSDATE-2,'Bizerte',1);
INSERT INTO "ECLIPSE"."DETAIL_EFFET" (NUM_SEQ_DET_EFF,NUM_CCPT_CCPT,COD_CCPT_STRC,COD_CCPT_PRD,NUM_EFF_EFF,DAT_OPE_EFF,COD_VAL_EFF,COD_ENRG_EFF,COD_ETAT_EFF,MNT_EFF_EFF,RIB_TIR_EFF,NOM_TIR_EFF,NUM_PRES_EFF,DAT_ECH_EFF,DAT_CRE_EFF,ADR_TIR_EFF,NUM_REM) values ('217','884510','145','115','006682339021',SYSDATE,'41','21','E','250','07503007310111050737','ULYSSE HYPER','1',SYSDATE+15,SYSDATE-2,'Tunis',2);
INSERT INTO "ECLIPSE"."DETAIL_EFFET" (NUM_SEQ_DET_EFF,NUM_CCPT_CCPT,COD_CCPT_STRC,COD_CCPT_PRD,NUM_EFF_EFF,DAT_OPE_EFF,COD_VAL_EFF,COD_ENRG_EFF,COD_ETAT_EFF,MNT_EFF_EFF,RIB_TIR_EFF,NOM_TIR_EFF,NUM_PRES_EFF,DAT_ECH_EFF,DAT_CRE_EFF,ADR_TIR_EFF,NUM_REM) values ('218','573438','120','115','006896461768',SYSDATE,'41','21','E','500','01700022110000246617','BEPPC','1',SYSDATE+15,SYSDATE-2,'Sousse',3);
INSERT INTO "ECLIPSE"."DETAIL_EFFET" (NUM_SEQ_DET_EFF,NUM_CCPT_CCPT,COD_CCPT_STRC,COD_CCPT_PRD,NUM_EFF_EFF,DAT_OPE_EFF,COD_VAL_EFF,COD_ENRG_EFF,COD_ETAT_EFF,MNT_EFF_EFF,RIB_TIR_EFF,NOM_TIR_EFF,NUM_PRES_EFF,DAT_ECH_EFF,DAT_CRE_EFF,ADR_TIR_EFF,NUM_REM) values ('219','426774','120','115','006896707081',SYSDATE,'41','21','E','1000','05207000077306743041','ERS ZAYENE','1',SYSDATE+15,SYSDATE-2,'Sfax',4);
INSERT INTO "ECLIPSE"."DETAIL_EFFET" (NUM_SEQ_DET_EFF,NUM_CCPT_CCPT,COD_CCPT_STRC,COD_CCPT_PRD,NUM_EFF_EFF,DAT_OPE_EFF,COD_VAL_EFF,COD_ENRG_EFF,COD_ETAT_EFF,MNT_EFF_EFF,RIB_TIR_EFF,NOM_TIR_EFF,NUM_PRES_EFF,DAT_ECH_EFF,DAT_CRE_EFF,ADR_TIR_EFF,NUM_REM) values ('220','884510','145','115','006999197184',SYSDATE,'41','21','E','1500','21000000404700750710','STE AMANI','1',SYSDATE+15,SYSDATE-2,'Gafsa',5);
INSERT INTO "ECLIPSE"."DETAIL_EFFET" (NUM_SEQ_DET_EFF,NUM_CCPT_CCPT,COD_CCPT_STRC,COD_CCPT_PRD,NUM_EFF_EFF,DAT_OPE_EFF,COD_VAL_EFF,COD_ENRG_EFF,COD_ETAT_EFF,MNT_EFF_EFF,RIB_TIR_EFF,NOM_TIR_EFF,NUM_PRES_EFF,DAT_ECH_EFF,DAT_CRE_EFF,ADR_TIR_EFF,NUM_REM) values ('221','884510','145','115','006672224928',SYSDATE,'41','21','E','50','08708000471000394219','QUINC ZITOUNI','1',SYSDATE+15,SYSDATE-3,'Bizerte',1);
INSERT INTO "ECLIPSE"."DETAIL_EFFET" (NUM_SEQ_DET_EFF,NUM_CCPT_CCPT,COD_CCPT_STRC,COD_CCPT_PRD,NUM_EFF_EFF,DAT_OPE_EFF,COD_VAL_EFF,COD_ENRG_EFF,COD_ETAT_EFF,MNT_EFF_EFF,RIB_TIR_EFF,NOM_TIR_EFF,NUM_PRES_EFF,DAT_ECH_EFF,DAT_CRE_EFF,ADR_TIR_EFF,NUM_REM) values ('222','573438','120','115','007159423627',SYSDATE,'41','21','E','250','05009000028307713626','ASTRAL','1',SYSDATE+15,SYSDATE-3,'Tunis',2);
INSERT INTO "ECLIPSE"."DETAIL_EFFET" (NUM_SEQ_DET_EFF,NUM_CCPT_CCPT,COD_CCPT_STRC,COD_CCPT_PRD,NUM_EFF_EFF,DAT_OPE_EFF,COD_VAL_EFF,COD_ENRG_EFF,COD_ETAT_EFF,MNT_EFF_EFF,RIB_TIR_EFF,NOM_TIR_EFF,NUM_PRES_EFF,DAT_ECH_EFF,DAT_CRE_EFF,ADR_TIR_EFF,NUM_REM) values ('223','426774','120','115','007159423724',SYSDATE,'41','21','E','500','10404100115096678886','J.M.C JELLALI MOTORS COMPANY','1',SYSDATE+15,SYSDATE-3,'Sousse',3);
INSERT INTO "ECLIPSE"."DETAIL_EFFET" (NUM_SEQ_DET_EFF,NUM_CCPT_CCPT,COD_CCPT_STRC,COD_CCPT_PRD,NUM_EFF_EFF,DAT_OPE_EFF,COD_VAL_EFF,COD_ENRG_EFF,COD_ETAT_EFF,MNT_EFF_EFF,RIB_TIR_EFF,NOM_TIR_EFF,NUM_PRES_EFF,DAT_ECH_EFF,DAT_CRE_EFF,ADR_TIR_EFF,NUM_REM) values ('224','884510','145','115','007056779197',SYSDATE,'41','21','E','1000','01305044110300758331','TUNISIE MECANIQUE','1',SYSDATE+15,SYSDATE-3,'Sfax',4);
INSERT INTO "ECLIPSE"."DETAIL_EFFET" (NUM_SEQ_DET_EFF,NUM_CCPT_CCPT,COD_CCPT_STRC,COD_CCPT_PRD,NUM_EFF_EFF,DAT_OPE_EFF,COD_VAL_EFF,COD_ENRG_EFF,COD_ETAT_EFF,MNT_EFF_EFF,RIB_TIR_EFF,NOM_TIR_EFF,NUM_PRES_EFF,DAT_ECH_EFF,DAT_CRE_EFF,ADR_TIR_EFF,NUM_REM) values ('225','573438','120','115','007090053689',SYSDATE,'41','21','E','1500','17206000000210624717','MOHAMED WESLATI','1',SYSDATE+15,SYSDATE-3,'Gafsa',5);
INSERT INTO "ECLIPSE"."DETAIL_EFFET" (NUM_SEQ_DET_EFF,NUM_CCPT_CCPT,COD_CCPT_STRC,COD_CCPT_PRD,NUM_EFF_EFF,DAT_OPE_EFF,COD_VAL_EFF,COD_ENRG_EFF,COD_ETAT_EFF,MNT_EFF_EFF,RIB_TIR_EFF,NOM_TIR_EFF,NUM_PRES_EFF,DAT_ECH_EFF,DAT_CRE_EFF,ADR_TIR_EFF,NUM_REM) values ('226','426774','120','115','007117043745',SYSDATE,'41','21','E','50','08010011041000029680','COMAF','1',SYSDATE+15,SYSDATE-3,'Bizerte',1);
INSERT INTO "ECLIPSE"."DETAIL_EFFET" (NUM_SEQ_DET_EFF,NUM_CCPT_CCPT,COD_CCPT_STRC,COD_CCPT_PRD,NUM_EFF_EFF,DAT_OPE_EFF,COD_VAL_EFF,COD_ENRG_EFF,COD_ETAT_EFF,MNT_EFF_EFF,RIB_TIR_EFF,NOM_TIR_EFF,NUM_PRES_EFF,DAT_ECH_EFF,DAT_CRE_EFF,ADR_TIR_EFF,NUM_REM) values ('227','884510','145','115','006682339021',SYSDATE,'41','21','E','250','07503007310111050737','ULYSSE HYPER','1',SYSDATE+15,SYSDATE-3,'Tunis',2);
INSERT INTO "ECLIPSE"."DETAIL_EFFET" (NUM_SEQ_DET_EFF,NUM_CCPT_CCPT,COD_CCPT_STRC,COD_CCPT_PRD,NUM_EFF_EFF,DAT_OPE_EFF,COD_VAL_EFF,COD_ENRG_EFF,COD_ETAT_EFF,MNT_EFF_EFF,RIB_TIR_EFF,NOM_TIR_EFF,NUM_PRES_EFF,DAT_ECH_EFF,DAT_CRE_EFF,ADR_TIR_EFF,NUM_REM) values ('228','573438','120','115','006896461768',SYSDATE,'41','21','E','500','01700022110000246617','BEPPC','1',SYSDATE+15,SYSDATE-3,'Sousse',3);
INSERT INTO "ECLIPSE"."DETAIL_EFFET" (NUM_SEQ_DET_EFF,NUM_CCPT_CCPT,COD_CCPT_STRC,COD_CCPT_PRD,NUM_EFF_EFF,DAT_OPE_EFF,COD_VAL_EFF,COD_ENRG_EFF,COD_ETAT_EFF,MNT_EFF_EFF,RIB_TIR_EFF,NOM_TIR_EFF,NUM_PRES_EFF,DAT_ECH_EFF,DAT_CRE_EFF,ADR_TIR_EFF,NUM_REM) values ('229','426774','120','115','006896707081',SYSDATE,'41','21','E','1000','05207000077306743041','ERS ZAYENE','1',SYSDATE+15,SYSDATE-3,'Sfax',4);
INSERT INTO "ECLIPSE"."DETAIL_EFFET" (NUM_SEQ_DET_EFF,NUM_CCPT_CCPT,COD_CCPT_STRC,COD_CCPT_PRD,NUM_EFF_EFF,DAT_OPE_EFF,COD_VAL_EFF,COD_ENRG_EFF,COD_ETAT_EFF,MNT_EFF_EFF,RIB_TIR_EFF,NOM_TIR_EFF,NUM_PRES_EFF,DAT_ECH_EFF,DAT_CRE_EFF,ADR_TIR_EFF,NUM_REM) values ('230','884510','145','115','006999197184',SYSDATE,'41','21','D','1500','21000000404700750710','STE AMANI','1',SYSDATE+15,SYSDATE-3,'Gafsa',5);
INSERT INTO "ECLIPSE"."DETAIL_EFFET" (NUM_SEQ_DET_EFF,NUM_CCPT_CCPT,COD_CCPT_STRC,COD_CCPT_PRD,NUM_EFF_EFF,DAT_OPE_EFF,COD_VAL_EFF,COD_ENRG_EFF,COD_ETAT_EFF,MNT_EFF_EFF,RIB_TIR_EFF,NOM_TIR_EFF,NUM_PRES_EFF,DAT_ECH_EFF,DAT_CRE_EFF,ADR_TIR_EFF,NUM_REM) values ('231','884510','145','115','006672224928',SYSDATE,'41','21','D','50','08708000471000394219','QUINC ZITOUNI','1',SYSDATE+15,SYSDATE-4,'Bizerte',1);
INSERT INTO "ECLIPSE"."DETAIL_EFFET" (NUM_SEQ_DET_EFF,NUM_CCPT_CCPT,COD_CCPT_STRC,COD_CCPT_PRD,NUM_EFF_EFF,DAT_OPE_EFF,COD_VAL_EFF,COD_ENRG_EFF,COD_ETAT_EFF,MNT_EFF_EFF,RIB_TIR_EFF,NOM_TIR_EFF,NUM_PRES_EFF,DAT_ECH_EFF,DAT_CRE_EFF,ADR_TIR_EFF,NUM_REM) values ('232','573438','120','115','007159423627',SYSDATE,'41','21','D','250','05009000028307713626','ASTRAL','1',SYSDATE+15,SYSDATE-4,'Tunis',2);
INSERT INTO "ECLIPSE"."DETAIL_EFFET" (NUM_SEQ_DET_EFF,NUM_CCPT_CCPT,COD_CCPT_STRC,COD_CCPT_PRD,NUM_EFF_EFF,DAT_OPE_EFF,COD_VAL_EFF,COD_ENRG_EFF,COD_ETAT_EFF,MNT_EFF_EFF,RIB_TIR_EFF,NOM_TIR_EFF,NUM_PRES_EFF,DAT_ECH_EFF,DAT_CRE_EFF,ADR_TIR_EFF,NUM_REM) values ('233','426774','120','115','007159423724',SYSDATE,'41','21','D','500','10404100115096678886','J.M.C JELLALI MOTORS COMPANY','1',SYSDATE+15,SYSDATE-4,'Sousse',3);
INSERT INTO "ECLIPSE"."DETAIL_EFFET" (NUM_SEQ_DET_EFF,NUM_CCPT_CCPT,COD_CCPT_STRC,COD_CCPT_PRD,NUM_EFF_EFF,DAT_OPE_EFF,COD_VAL_EFF,COD_ENRG_EFF,COD_ETAT_EFF,MNT_EFF_EFF,RIB_TIR_EFF,NOM_TIR_EFF,NUM_PRES_EFF,DAT_ECH_EFF,DAT_CRE_EFF,ADR_TIR_EFF,NUM_REM) values ('234','884510','145','115','007056779197',SYSDATE,'41','21','D','1000','01305044110300758331','TUNISIE MECANIQUE','1',SYSDATE+15,SYSDATE-4,'Sfax',4);
INSERT INTO "ECLIPSE"."DETAIL_EFFET" (NUM_SEQ_DET_EFF,NUM_CCPT_CCPT,COD_CCPT_STRC,COD_CCPT_PRD,NUM_EFF_EFF,DAT_OPE_EFF,COD_VAL_EFF,COD_ENRG_EFF,COD_ETAT_EFF,MNT_EFF_EFF,RIB_TIR_EFF,NOM_TIR_EFF,NUM_PRES_EFF,DAT_ECH_EFF,DAT_CRE_EFF,ADR_TIR_EFF,NUM_REM) values ('235','573438','120','115','007090053689',SYSDATE,'41','21','D','1500','17206000000210624717','MOHAMED WESLATI','1',SYSDATE+15,SYSDATE-4,'Gafsa',5);
INSERT INTO "ECLIPSE"."DETAIL_EFFET" (NUM_SEQ_DET_EFF,NUM_CCPT_CCPT,COD_CCPT_STRC,COD_CCPT_PRD,NUM_EFF_EFF,DAT_OPE_EFF,COD_VAL_EFF,COD_ENRG_EFF,COD_ETAT_EFF,MNT_EFF_EFF,RIB_TIR_EFF,NOM_TIR_EFF,NUM_PRES_EFF,DAT_ECH_EFF,DAT_CRE_EFF,ADR_TIR_EFF,NUM_REM) values ('236','426774','120','115','007117043745',SYSDATE,'41','21','D','50','08010011041000029680','COMAF','1',SYSDATE+15,SYSDATE-4,'Bizerte',1);
INSERT INTO "ECLIPSE"."DETAIL_EFFET" (NUM_SEQ_DET_EFF,NUM_CCPT_CCPT,COD_CCPT_STRC,COD_CCPT_PRD,NUM_EFF_EFF,DAT_OPE_EFF,COD_VAL_EFF,COD_ENRG_EFF,COD_ETAT_EFF,MNT_EFF_EFF,RIB_TIR_EFF,NOM_TIR_EFF,NUM_PRES_EFF,DAT_ECH_EFF,DAT_CRE_EFF,ADR_TIR_EFF,NUM_REM) values ('237','884510','145','115','006682339021',SYSDATE,'41','21','D','250','07503007310111050737','ULYSSE HYPER','1',SYSDATE+15,SYSDATE-4,'Tunis',2);
INSERT INTO "ECLIPSE"."DETAIL_EFFET" (NUM_SEQ_DET_EFF,NUM_CCPT_CCPT,COD_CCPT_STRC,COD_CCPT_PRD,NUM_EFF_EFF,DAT_OPE_EFF,COD_VAL_EFF,COD_ENRG_EFF,COD_ETAT_EFF,MNT_EFF_EFF,RIB_TIR_EFF,NOM_TIR_EFF,NUM_PRES_EFF,DAT_ECH_EFF,DAT_CRE_EFF,ADR_TIR_EFF,NUM_REM) values ('238','573438','120','115','006896461768',SYSDATE,'41','21','D','500','01700022110000246617','BEPPC','1',SYSDATE+15,SYSDATE-4,'Sousse',3);
INSERT INTO "ECLIPSE"."DETAIL_EFFET" (NUM_SEQ_DET_EFF,NUM_CCPT_CCPT,COD_CCPT_STRC,COD_CCPT_PRD,NUM_EFF_EFF,DAT_OPE_EFF,COD_VAL_EFF,COD_ENRG_EFF,COD_ETAT_EFF,MNT_EFF_EFF,RIB_TIR_EFF,NOM_TIR_EFF,NUM_PRES_EFF,DAT_ECH_EFF,DAT_CRE_EFF,ADR_TIR_EFF,NUM_REM) values ('239','426774','120','115','006896707081',SYSDATE,'41','21','D','1000','05207000077306743041','ERS ZAYENE','1',SYSDATE+15,SYSDATE-4,'Sfax',4);
INSERT INTO "ECLIPSE"."DETAIL_EFFET" (NUM_SEQ_DET_EFF,NUM_CCPT_CCPT,COD_CCPT_STRC,COD_CCPT_PRD,NUM_EFF_EFF,DAT_OPE_EFF,COD_VAL_EFF,COD_ENRG_EFF,COD_ETAT_EFF,MNT_EFF_EFF,RIB_TIR_EFF,NOM_TIR_EFF,NUM_PRES_EFF,DAT_ECH_EFF,DAT_CRE_EFF,ADR_TIR_EFF,NUM_REM) values ('240','426774','120','115','006896707082',SYSDATE,'41','21','D','1000','05207000077306743041','ERS ZAYENE','1',SYSDATE+15,SYSDATE-4,'Sfax',4);






