-- Operation
INSERT INTO "ECLIPSE"."OPERATION" (COD_OPER_OPER,COD_TYP_OPER,LIB_OPER_OPER) values ('722',null,'remise effet');
INSERT INTO "ECLIPSE"."OPERATION" (COD_OPER_OPER,COD_TYP_OPER,LIB_OPER_OPER) values ('827',null,'rejet effet');
INSERT INTO "ECLIPSE"."OPERATION" (COD_OPER_OPER,COD_TYP_OPER,LIB_OPER_OPER) values ('826',null,'paiement effet');
INSERT INTO "ECLIPSE"."OPERATION" (COD_OPER_OPER,COD_TYP_OPER,LIB_OPER_OPER) values ('950',null,'edition papillon effet');
INSERT INTO "ECLIPSE"."OPERATION" (COD_OPER_OPER,COD_TYP_OPER,LIB_OPER_OPER) values ('961',null,'delivrance effet');

-- MotifRejet
INSERT INTO "ECLIPSE"."MOTIF_REJET" (CODE_REJ, MOTIF_REJ) VALUES ('1', 'opposition pour perte');
INSERT INTO "ECLIPSE"."MOTIF_REJET" (CODE_REJ, MOTIF_REJ) VALUES ('2', 'opposition pour vol');
INSERT INTO "ECLIPSE"."MOTIF_REJET" (CODE_REJ, MOTIF_REJ) VALUES ('3', 'opposition pour faillite ');
INSERT INTO "ECLIPSE"."MOTIF_REJET" (CODE_REJ, MOTIF_REJ) VALUES ('4', 'opposition pour autres motifs');
INSERT INTO "ECLIPSE"."MOTIF_REJET" (CODE_REJ, MOTIF_REJ) VALUES ('10', 'absence de provision');

-- GlobalRemise
INSERT INTO "ECLIPSE"."GLOBAL_REMISE" (NUM_REM, MONT_REM, DAT_CRE_REM, NBR_EFF_REM) VALUES ('1', '100', to_timestamp('11/01/16 11:45:16,242000000','DD/MM/RR HH24:MI:SSXFF'), 2);
INSERT INTO "ECLIPSE"."GLOBAL_REMISE" (NUM_REM, MONT_REM, DAT_CRE_REM, NBR_EFF_REM) VALUES ('2', '500', to_timestamp('11/01/16 11:45:16,242000000','DD/MM/RR HH24:MI:SSXFF'), 4);
INSERT INTO "ECLIPSE"."GLOBAL_REMISE" (NUM_REM, MONT_REM, DAT_CRE_REM, NBR_EFF_REM) VALUES ('3', '1000', to_timestamp('11/01/16 11:45:16,242000000','DD/MM/RR HH24:MI:SSXFF'), 6);
INSERT INTO "ECLIPSE"."GLOBAL_REMISE" (NUM_REM, MONT_REM, DAT_CRE_REM, NBR_EFF_REM) VALUES ('4', '10000', to_timestamp('11/01/16 11:45:16,242000000','DD/MM/RR HH24:MI:SSXFF'), 8);
INSERT INTO "ECLIPSE"."GLOBAL_REMISE" (NUM_REM, MONT_REM, DAT_CRE_REM, NBR_EFF_REM) VALUES ('5', '20000', to_timestamp('11/01/16 11:45:16,242000000','DD/MM/RR HH24:MI:SSXFF'), 10);

-- Structure
INSERT INTO "ECLIPSE"."STRUCTURE" (COD_STRC_STRC, LIB_STRC_STRC, COD_BCT_STRC, DAT_JOUR_STRC) VALUES ('120', 'SIEGE', '135', SYSDATE-1);
INSERT INTO "ECLIPSE"."STRUCTURE" (COD_STRC_STRC, LIB_STRC_STRC, COD_BCT_STRC, DAT_JOUR_STRC) VALUES ('136', 'CHIHIA', '151', SYSDATE-1);
INSERT INTO "ECLIPSE"."STRUCTURE" (COD_STRC_STRC, LIB_STRC_STRC, COD_BCT_STRC) VALUES ('145', 'ENNASR', '160');
INSERT INTO "ECLIPSE"."STRUCTURE" (COD_STRC_STRC, LIB_STRC_STRC, COD_BCT_STRC) VALUES ('117', 'BIZERTE', '128');
INSERT INTO "ECLIPSE"."STRUCTURE" (COD_STRC_STRC, LIB_STRC_STRC, COD_BCT_STRC) VALUES ('44', 'SFAX', '100');

-- **Personnel
INSERT INTO "ECLIPSE"."PERSONNEL" (NUM_MATR_USER, COD_STRC_STRC, COD_STAT_USER, NUM_CIN_USER) VALUES ('2824', '120', '1', '11230540');
INSERT INTO "ECLIPSE"."PERSONNEL" (NUM_MATR_USER, COD_STRC_STRC, COD_STAT_USER, NUM_CIN_USER) VALUES ('2825', '145', '1', '11230541');
INSERT INTO "ECLIPSE"."PERSONNEL" (NUM_MATR_USER, COD_STRC_STRC, COD_STAT_USER, NUM_CIN_USER) VALUES ('2997', '136', '1', '11230542');


-- Type Piece
INSERT INTO "ECLIPSE"."TYPE_PIECE" (COD_TPCE_TPCE, LIB_TPCE_TPCE, LIB_SIGL_TPCE) VALUES ('30', 'carte d''identité', 'CIN');
INSERT INTO "ECLIPSE"."TYPE_PIECE" (COD_TPCE_TPCE, LIB_TPCE_TPCE, LIB_SIGL_TPCE) VALUES ('40', 'passeport', 'PPT');

-- Adresse
INSERT INTO "ECLIPSE"."ADRESSE" (NUM_SEQ_ADR, ADR_RUE_PERS, ADR_CIT_PERS, ADR_VIL_PERS, ADR_CP_PERS, COD_ADR_PAYS) VALUES ('1', 'Farhat Hached', 'Kantaoui', 'Sousse', '7100', 'Tunisie');
INSERT INTO "ECLIPSE"."ADRESSE" (NUM_SEQ_ADR, ADR_RUE_PERS, ADR_CIT_PERS, ADR_VIL_PERS, ADR_CP_PERS, COD_ADR_PAYS) VALUES ('2', 'Mohammed V', 'Tunis', 'Tunis', '3015', 'Tunisie');

-- **Personne
INSERT INTO "ECLIPSE"."PERSONNE" (NUM_SEQ_PERS, COD_TPCE_TPCE, NUM_PCE_PERS, LIB_TITR_PERS, NOM_RS_PERS, NOM_NOM_PERS, NOM_PRN_PERS, COD_SEX_PERS, DAT_NAIS_PERS, LIEU_NAIS_PERS, ADR_RES_ID, ADR_PROF) VALUES ('1', '30', '07104988', 'MME', 'Marriée', 'Charfeddine', 'Sonia', 'F', TO_TIMESTAMP('1980-03-15 11:14:09.414000000', 'YYYY-MM-DD HH24:MI:SS.FF'), 'Sousse', '1', '2');
INSERT INTO "ECLIPSE"."PERSONNE" (NUM_SEQ_PERS, COD_TPCE_TPCE, NUM_PCE_PERS, LIB_TITR_PERS, NOM_RS_PERS, NOM_NOM_PERS, NOM_PRN_PERS, COD_SEX_PERS, DAT_NAIS_PERS, LIEU_NAIS_PERS, ADR_RES_ID, ADR_PROF) VALUES ('2', '40', 'R317943', 'MR', 'Marrié', 'Riahi', 'Tarek', 'M', TO_TIMESTAMP('1972-08-20 20:30:09.414000000', 'YYYY-MM-DD HH24:MI:SS.FF'), 'Tunis', '1', '2');

-- Devise
INSERT INTO "ECLIPSE"."DEVISE" (COD_DEV_DEV, LIB_DEV_DEV, LIB_FRAC_DEV, LIB_SIGL_DEV, NBR_DEC_DEV, NBR_UNIT_DEV) VALUES ('10', 'Euro', 'Centimes', '€', '2', '100');
INSERT INTO "ECLIPSE"."DEVISE" (COD_DEV_DEV, LIB_DEV_DEV, LIB_FRAC_DEV, LIB_SIGL_DEV, NBR_DEC_DEV, NBR_UNIT_DEV) VALUES ('11', 'Dollar US', 'Mills', '$', '3', '1000');
INSERT INTO "ECLIPSE"."DEVISE" (COD_DEV_DEV, LIB_DEV_DEV, LIB_FRAC_DEV, LIB_SIGL_DEV, NBR_DEC_DEV, NBR_UNIT_DEV) VALUES ('788', 'Dinar TN', 'Millimes', 'DT', '3', '1000');

-- Produit
INSERT INTO "ECLIPSE"."PRODUIT" (COD_PRD_PRD, LIB_PRD_PRD) VALUES ('103', 'Personnel');
INSERT INTO "ECLIPSE"."PRODUIT" (COD_PRD_PRD, LIB_PRD_PRD) VALUES ('115', 'Client');
INSERT INTO "ECLIPSE"."PRODUIT" (COD_PRD_PRD, LIB_PRD_PRD) VALUES ('101', 'Client');

-- **ContratCpt
INSERT INTO "ECLIPSE"."CONTRAT_CPT" (NUM_CCPT_CCPT, COD_STRC_STRC, COD_PRD_PRD, NUM_SEQ_PERS, COD_DEV_DEV, DAT_OUV_CCPT, COD_ETAT_CCPT, MONT_SOLD_CCPT) VALUES ('884510', '145', '115', '1', '10', SYSDATE, 'A', '35000');
INSERT INTO "ECLIPSE"."CONTRAT_CPT" (NUM_CCPT_CCPT, COD_STRC_STRC, COD_PRD_PRD, NUM_SEQ_PERS, COD_DEV_DEV, DAT_OUV_CCPT, COD_ETAT_CCPT, MONT_SOLD_CCPT) VALUES ('573438', '120', '115', '2', '788', SYSDATE, 'A', '6000');
INSERT INTO "ECLIPSE"."CONTRAT_CPT" (NUM_CCPT_CCPT, COD_STRC_STRC, COD_PRD_PRD, NUM_SEQ_PERS, COD_DEV_DEV, DAT_OUV_CCPT, COD_ETAT_CCPT, MONT_SOLD_CCPT) VALUES ('426774', '120', '115', '1', '788', SYSDATE, 'A', '100000');
INSERT INTO "ECLIPSE"."CONTRAT_CPT" (NUM_CCPT_CCPT, COD_STRC_STRC, COD_PRD_PRD, NUM_SEQ_PERS, COD_DEV_DEV, DAT_OUV_CCPT, COD_ETAT_CCPT, MONT_SOLD_CCPT) VALUES ('459172', '120', '115', '2', '11', SYSDATE, 'A', '90000');
INSERT INTO "ECLIPSE"."CONTRAT_CPT" (NUM_CCPT_CCPT, COD_STRC_STRC, COD_PRD_PRD, NUM_SEQ_PERS, COD_DEV_DEV, DAT_OUV_CCPT, COD_ETAT_CCPT, MONT_SOLD_CCPT) VALUES ('598076', '120', '115', '1', '788', SYSDATE, 'A', '86000');
INSERT INTO "ECLIPSE"."CONTRAT_CPT" (NUM_CCPT_CCPT, COD_STRC_STRC, COD_PRD_PRD, NUM_SEQ_PERS, COD_DEV_DEV, DAT_OUV_CCPT, COD_ETAT_CCPT, MONT_SOLD_CCPT) VALUES ('416104', '120', '115', '2', '788', SYSDATE, 'A', '350500');
INSERT INTO "ECLIPSE"."CONTRAT_CPT" (NUM_CCPT_CCPT, COD_STRC_STRC, COD_PRD_PRD, NUM_SEQ_PERS, COD_DEV_DEV, DAT_OUV_CCPT, COD_ETAT_CCPT, MONT_SOLD_CCPT) VALUES ('435059', '44', '115', '1', '10', SYSDATE, 'A', '960050');
INSERT INTO "ECLIPSE"."CONTRAT_CPT" (NUM_CCPT_CCPT, COD_STRC_STRC, COD_PRD_PRD, NUM_SEQ_PERS, COD_DEV_DEV, DAT_OUV_CCPT, COD_ETAT_CCPT, MONT_SOLD_CCPT) VALUES ('387439', '117', '101', '2', '788', SYSDATE, 'A', '61050');
INSERT INTO "ECLIPSE"."CONTRAT_CPT" (NUM_CCPT_CCPT, COD_STRC_STRC, COD_PRD_PRD, NUM_SEQ_PERS, COD_DEV_DEV, DAT_OUV_CCPT, COD_ETAT_CCPT, MONT_SOLD_CCPT) VALUES ('456242', '117', '115', '1', '788', SYSDATE, 'A', '85000');
INSERT INTO "ECLIPSE"."CONTRAT_CPT" (NUM_CCPT_CCPT, COD_STRC_STRC, COD_PRD_PRD, NUM_SEQ_PERS, COD_DEV_DEV, DAT_OUV_CCPT, COD_ETAT_CCPT, MONT_SOLD_CCPT) VALUES ('585563', '120', '115', '2', '11', SYSDATE, 'A', '4200');

-- **DetailEffet
-- I/A J-10
INSERT INTO "ECLIPSE"."DETAIL_EFFET" (NUM_SEQ_DET_EFF,NUM_CCPT_CCPT,COD_CCPT_STRC,COD_CCPT_PRD,NUM_EFF_EFF,DAT_OPE_EFF,COD_VAL_EFF,COD_ENRG_EFF,COD_ETAT_EFF,MNT_EFF_EFF,RIB_TIR_EFF,NOM_TIR_EFF,NUM_PRES_EFF,DAT_ECH_EFF,DAT_CRE_EFF,ADR_TIR_EFF,NUM_REM) values ('1','884510','145','115','006672224928',SYSDATE,'41','21','I','50','08708000471000394219','QUINC ZITOUNI','1',SYSDATE+5,SYSDATE-10,'Bizerte',1);
INSERT INTO "ECLIPSE"."DETAIL_EFFET" (NUM_SEQ_DET_EFF,NUM_CCPT_CCPT,COD_CCPT_STRC,COD_CCPT_PRD,NUM_EFF_EFF,DAT_OPE_EFF,COD_VAL_EFF,COD_ENRG_EFF,COD_ETAT_EFF,MNT_EFF_EFF,RIB_TIR_EFF,NOM_TIR_EFF,NUM_PRES_EFF,DAT_ECH_EFF,DAT_CRE_EFF,ADR_TIR_EFF,NUM_REM) values ('2','573438','120','115','007159423627',SYSDATE,'41','21','I','250','05009000028307713626','ASTRAL','1',SYSDATE+6,SYSDATE-10,'Tunis',2);
INSERT INTO "ECLIPSE"."DETAIL_EFFET" (NUM_SEQ_DET_EFF,NUM_CCPT_CCPT,COD_CCPT_STRC,COD_CCPT_PRD,NUM_EFF_EFF,DAT_OPE_EFF,COD_VAL_EFF,COD_ENRG_EFF,COD_ETAT_EFF,MNT_EFF_EFF,RIB_TIR_EFF,NOM_TIR_EFF,NUM_PRES_EFF,DAT_ECH_EFF,DAT_CRE_EFF,ADR_TIR_EFF,NUM_REM) values ('3','426774','120','115','007159423724',SYSDATE,'41','21','I','500','10404100115096678886','J.M.C JELLALI MOTORS COMPANY','1',SYSDATE+7,SYSDATE-10,'Sousse',3);
INSERT INTO "ECLIPSE"."DETAIL_EFFET" (NUM_SEQ_DET_EFF,NUM_CCPT_CCPT,COD_CCPT_STRC,COD_CCPT_PRD,NUM_EFF_EFF,DAT_OPE_EFF,COD_VAL_EFF,COD_ENRG_EFF,COD_ETAT_EFF,MNT_EFF_EFF,RIB_TIR_EFF,NOM_TIR_EFF,NUM_PRES_EFF,DAT_ECH_EFF,DAT_CRE_EFF,ADR_TIR_EFF,NUM_REM) values ('4','884510','145','115','007056779197',SYSDATE,'41','21','I','1000','01305044110300758331','TUNISIE MECANIQUE','1',SYSDATE+8,SYSDATE-10,'Sfax',4);
INSERT INTO "ECLIPSE"."DETAIL_EFFET" (NUM_SEQ_DET_EFF,NUM_CCPT_CCPT,COD_CCPT_STRC,COD_CCPT_PRD,NUM_EFF_EFF,DAT_OPE_EFF,COD_VAL_EFF,COD_ENRG_EFF,COD_ETAT_EFF,MNT_EFF_EFF,RIB_TIR_EFF,NOM_TIR_EFF,NUM_PRES_EFF,DAT_ECH_EFF,DAT_CRE_EFF,ADR_TIR_EFF,NUM_REM) values ('5','573438','120','115','007090053689',SYSDATE,'41','21','I','1500','17206000000210624717','MOHAMED WESLATI','1',SYSDATE+9,SYSDATE-10,'Gafsa',5);
INSERT INTO "ECLIPSE"."DETAIL_EFFET" (NUM_SEQ_DET_EFF,NUM_CCPT_CCPT,COD_CCPT_STRC,COD_CCPT_PRD,NUM_EFF_EFF,DAT_OPE_EFF,COD_VAL_EFF,COD_ENRG_EFF,COD_ETAT_EFF,MNT_EFF_EFF,RIB_TIR_EFF,NOM_TIR_EFF,NUM_PRES_EFF,DAT_ECH_EFF,DAT_CRE_EFF,ADR_TIR_EFF,NUM_REM) values ('6','426774','120','115','007117043745',SYSDATE,'41','21','I','50','08010011041000029680','COMAF','1',SYSDATE+10,SYSDATE-10,'Bizerte',1);
INSERT INTO "ECLIPSE"."DETAIL_EFFET" (NUM_SEQ_DET_EFF,NUM_CCPT_CCPT,COD_CCPT_STRC,COD_CCPT_PRD,NUM_EFF_EFF,DAT_OPE_EFF,COD_VAL_EFF,COD_ENRG_EFF,COD_ETAT_EFF,MNT_EFF_EFF,RIB_TIR_EFF,NOM_TIR_EFF,NUM_PRES_EFF,DAT_ECH_EFF,DAT_CRE_EFF,ADR_TIR_EFF,NUM_REM) values ('7','884510','145','115','006682339021',SYSDATE,'41','21','I','250','07503007310111050737','ULYSSE HYPER','1',SYSDATE+11,SYSDATE-10,'Tunis',2);
INSERT INTO "ECLIPSE"."DETAIL_EFFET" (NUM_SEQ_DET_EFF,NUM_CCPT_CCPT,COD_CCPT_STRC,COD_CCPT_PRD,NUM_EFF_EFF,DAT_OPE_EFF,COD_VAL_EFF,COD_ENRG_EFF,COD_ETAT_EFF,MNT_EFF_EFF,RIB_TIR_EFF,NOM_TIR_EFF,NUM_PRES_EFF,DAT_ECH_EFF,DAT_CRE_EFF,ADR_TIR_EFF,NUM_REM) values ('8','573438','120','115','006896461768',SYSDATE,'41','21','I','500','01700022110000246617','BEPPC','1',SYSDATE+12,SYSDATE-10,'Sousse',3);
INSERT INTO "ECLIPSE"."DETAIL_EFFET" (NUM_SEQ_DET_EFF,NUM_CCPT_CCPT,COD_CCPT_STRC,COD_CCPT_PRD,NUM_EFF_EFF,DAT_OPE_EFF,COD_VAL_EFF,COD_ENRG_EFF,COD_ETAT_EFF,MNT_EFF_EFF,RIB_TIR_EFF,NOM_TIR_EFF,NUM_PRES_EFF,DAT_ECH_EFF,DAT_CRE_EFF,ADR_TIR_EFF,NUM_REM) values ('9','426774','120','115','006896707081',SYSDATE,'41','21','I','1000','05207000077306743041','ERS ZAYENE','1',SYSDATE+13,SYSDATE-10,'Sfax',4);
INSERT INTO "ECLIPSE"."DETAIL_EFFET" (NUM_SEQ_DET_EFF,NUM_CCPT_CCPT,COD_CCPT_STRC,COD_CCPT_PRD,NUM_EFF_EFF,DAT_OPE_EFF,COD_VAL_EFF,COD_ENRG_EFF,COD_ETAT_EFF,MNT_EFF_EFF,RIB_TIR_EFF,NOM_TIR_EFF,NUM_PRES_EFF,DAT_ECH_EFF,DAT_CRE_EFF,ADR_TIR_EFF,NUM_REM) values ('10','884510','145','115','006999197184',SYSDATE,'41','21','I','1500','21000000404700750710','STE AMANI','1',SYSDATE+14,SYSDATE-10,'Gafsa',5);




